ID,ZONE_NAME,NATURE,STATUS,ORIGINAL_LOCATION,CITY,matched_muni,admin3_pcode,province_name,ADM2_PCODE,region_name,admin1_pcode,geometry,lon,lat
1,[24]7 Plaza,IT Center,Operating,"106 Valero Street, Salcedo Village, Makati City",Makati City,City of Makati,PH137602000,"NCR, Fourth District",PH137600000,National Capital Region,PH130000000,"c(121.020589026066, 14.558667142472)",121.020589026066,14.558667142472
2,1 Nito Tower [formerly Mikado],IT Center,Operating,"Archbishop Reyes Avenue, Cebu City",Cebu City,Cebu City,PH072217000,Cebu,PH072200000,Region VII,PH070000000,"c(123.903215091716, 10.319096795543)",123.903215091716,10.319096795543
3,2251 IT Hub,IT Center,Operating,"Pasong Tamo Extension, San Lorenzo Village, Makati City",Makati City,City of Makati,PH137602000,"NCR, Fourth District",PH137600000,National Capital Region,PH130000000,"c(121.018240180211, 14.54132945069)",121.018240180211,14.54132945069
4,500 Shaw Zentrum,IT Center,Operating,"Shaw Boulevard, Barangay Pleasant Hill, Mandaluyong City",Mandaluyong City,City of Mandaluyong,PH137401000,"NCR, Second District",PH137400000,National Capital Region,PH130000000,"c(121.041240741234, 14.589249035386)",121.041240741234,14.589249035386
5,6750 Ayala Avenue Building,IT Center,Operating,"Ayala Avenue, Ayala Center, Makati City",Makati City,City of Makati,PH137602000,"NCR, Fourth District",PH137600000,National Capital Region,PH130000000,"c(121.020284452404, 14.55730061151)",121.020284452404,14.55730061151
6,6780 Ayala,IT Center,Operating,"6780 Ayala Avenue, Makati City",Makati City,City of Makati,PH137602000,"NCR, Fourth District",PH137600000,National Capital Region,PH130000000,"c(121.018717932058, 14.558096627965)",121.018717932058,14.558096627965
7,6788 Ayala Avenue Building,IT Center,Operating,"6788 Ayala Avenue, Makati City",Makati City,City of Makati,PH137602000,"NCR, Fourth District",PH137600000,National Capital Region,PH130000000,"c(121.017379174483, 14.558459354825)",121.017379174483,14.558459354825
9,A.T. Yuchengco Centre [formerly RCBC Savings Bank Corporate Center],IT Center,Operating,"Lot 3, Block 9, along 26th and 25th Streets, Bonifacio South, Bonifacio Global City, Taguig City",Taguig City,Taguig City,PH137607000,"NCR, Fourth District",PH137600000,National Capital Region,PH130000000,"c(121.049221, 14.5484707)",121.049221,14.5484707
10,Abreeza Corporate Center,IT Center,Operating,"J.P. Laurel Avenue, Davao City",Davao City,Davao City,PH112402000,Davao del Sur,PH112400000,Region XI,PH110000000,"c(125.613141843149, 7.07771597599)",125.613141843149,7.07771597599
11,Aeon Center,IT Center,Operating,"Filinvest Corporate City, Alabang-Zapote Road corner North Bridgeway, Alabang, Muntinlupa City",Muntinlupa City,City of Muntinlupa,PH137603000,"NCR, Fourth District",PH137600000,National Capital Region,PH130000000,"c(121.039341437183, 14.422641216974)",121.039341437183,14.422641216974
12,AG&P Special Economic Zone,Manufacturing,Operating,"Barangays San Roque, San Andres, Manghinao, & Sto. Domingo, Bauan, Batangas",Bauan,Bauan,PH041006000,Batangas,PH041000000,Region IV-A,PH040000000,"c(120.98561, 13.7917023)",120.98561,13.7917023
13,Agrotex Gensan Economic Zone,Agro-Industrial,Operating,"Barangay Tambler, General Santos City",General Santos City,General Santos City,PH126303000,South Cotabato,PH126300000,Region XII,PH120000000,"c(125.142049154048, 6.059019276156)",125.142049154048,6.0590192761559996
14,AJMR Agro-Industrial Economic Zone,Agro-Industrial,Operating,"AJMR Port Complex, Km. 20 Tibungco, Davao City",Davao City,Davao City,PH112402000,Davao del Sur,PH112400000,Region XI,PH110000000,"c(125.6444437, 7.1958224)",125.6444437,7.1958224
15,Alcos Global I.T. Park,IT Park,Operating,"Industria corner Economia Street, Bagumbayan, Quezon City",Bagumbayan,Bagumbayan,PH126501000,Sultan Kudarat,PH126500000,Region XII,PH120000000,"c(121.08192703737, 14.60544620855)",121.08192703737,14.60544620855
16,ALLBANK [Formerly Polar Center EDSA ],IT Center,Operating,"EDSA corner Cornell Street, Barangay Wack-Wack, Mandaluyong City",Mandaluyong City,City of Mandaluyong,PH137401000,"NCR, Second District",PH137400000,National Capital Region,PH130000000,"c(121.054724576443, 14.58304850598)",121.054724576443,14.58304850598
17,Allegis Information Technology Park,IT Park,Operating,"Tulo, Calamba City,  Laguna",Calamba City,City of Calamba,PH043405000,Laguna,PH043400000,Region IV-A,PH040000000,"c(121.1547242, 14.2047764)",121.1547242,14.2047764
18,Allegro Center,IT Center,Operating,"2248 Pasong Tamo Extension, Makati City",Makati City,City of Makati,PH137602000,"NCR, Fourth District",PH137600000,National Capital Region,PH130000000,"c(121.021247489491, 14.535731634198)",121.021247489491,14.535731634198
19,Alviera Industrial Park,Manufacturing,Operating,"Barangay Dolores and Banaba, Porac, Pampanga",Porac,Porac,PH035415000,Pampanga,PH035400000,Region III,PH030000000,"c(120.5546037, 15.0927183)",120.5546037,15.0927183
20,Amkor Technology Special Economic Zone,Manufacturing,Operating,"Km. 22, East Service Road, South Super Highway, Brgy. Cupang, Muntinlupa City",Muntinlupa City,City of Muntinlupa,PH137603000,"NCR, Fourth District",PH137600000,National Capital Region,PH130000000,"c(121.0375531, 14.4334395)",121.0375531,14.4334395
21,ANFLO Industrial Estate,Manufacturing,Operating,"Barangay San Vicente, Panabo City, Davao del Norte",Panabo City,City of Panabo,PH112315000,Davao del Norte,PH112300000,Region XI,PH110000000,"c(125.7110622, 7.3000336)",125.7110622,7.3000336
22,Angeles Industrial Park,Manufacturing,Operating,"Calibutbut, Bacolor, Pampanga",Bacolor,Bacolor,PH035404000,Pampanga,PH035400000,Region III,PH030000000,"c(120.5872864, 15.049021)",120.5872864,15.049021
23,Anonas LRT City Center,IT Center,Operating,"968 Aurora Boulevard, Cubao, Quezon City",Cubao,Quezon City,PH137404000,"NCR, Second District",PH137400000,National Capital Region,PH130000000,"c(121.053684621891, 14.623242472067)",121.053684621891,14.623242472067
24,ANR Business Center,IT Center,Operating,"Barangay Concepcion Grande, Naga City, Camarines Sur",Naga City,Naga City,PH051724000,Camarines Sur,PH051700000,Region V,PH050000000,"c(123.220080201593, 13.62031376305)",123.220080201593,13.62031376305
25,Anson’s Center,IT Center,Operating,"23 ADB Avenue, Ortigas Center, Pasig City",Pasig City,City of Pasig,PH137403000,"NCR, Second District",PH137400000,National Capital Region,PH130000000,"c(121.059873831021, 14.586253955302)",121.059873831021,14.586253955302
26,Araneta Cyber Park,IT Park,Operating,"EDSA and P. Tuazon Boulevard, Quezon City",Quezon City,Quezon City,PH137404000,"NCR, Second District",PH137400000,National Capital Region,PH130000000,"c(121.052216815759, 14.616485013012)",121.052216815759,14.616485013012
27,Arcenas Estate IT Building,IT Center,Operating,"Banawa Hills, Barangay Labangon, Cebu City",Barangay Labangon,Cebu City,PH072217000,Cebu,PH072200000,Region VII,PH070000000,"c(123.87, 10.30444)",123.87,10.30444
28,Asahi Special Economic Zone,Manufacturing,Operating,"Brgy. Pinagbuhatan, Pasig City",Pasig City,City of Pasig,PH137403000,"NCR, Second District",PH137400000,National Capital Region,PH130000000,"c(121.091376245404, 14.555018882146)",121.091376245404,14.555018882146
29,Aseana 3 BPO Building,IT Center,Operating,"Aseana Avenue corner Macapagal Boulevard, Aseana City, Parañaque City",Parañaque City,City of Parañaque,PH137604000,"NCR, Fourth District",PH137600000,National Capital Region,PH130000000,"c(120.990224993317, 14.525254780671)",120.990224993317,14.525254780671
30,Aseana One,IT Center,Operating,"Lot 13, Bradco Avenue, Aseana Business Park, Parañaque City",Parañaque City,City of Parañaque,PH137604000,"NCR, Fourth District",PH137600000,National Capital Region,PH130000000,"c(121.028933, 14.4778938)",121.028933,14.4778938
31,Aseana Two,IT Center,Operating,"Lot 17, Bradco Avenue, Aseana City, Parañaque City",Parañaque City,City of Parañaque,PH137604000,"NCR, Fourth District",PH137600000,National Capital Region,PH130000000,"c(121.028933, 14.4778938)",121.028933,14.4778938
32,Asian Star Building,IT Center,Operating,"Lots 1&2, Block 2, Phase 1, Filinvest Corporate City, Alabang, Muntinlupa City",Muntinlupa City,City of Muntinlupa,PH137603000,"NCR, Fourth District",PH137600000,National Capital Region,PH130000000,"c(121.045957869505, 14.413034462324)",121.045957869505,14.413034462324
33,ATC BPO 1,IT Center,Operating,"Madrigal Avenue, Alabang Town Center, Barangay Ayala Alabang, Muntinlupa City",Muntinlupa City,City of Muntinlupa,PH137603000,"NCR, Fourth District",PH137600000,National Capital Region,PH130000000,"c(121.024819669592, 14.417145352419)",121.024819669592,14.417145352419
34,Avecshares Center,IT Center,Operating,"1132 University Parkway, North Bonifacio Triangle, Bonifacio Global City, Taguig City",Taguig City,Taguig City,PH137607000,"NCR, Fourth District",PH137600000,National Capital Region,PH130000000,"c(121.049221, 14.5484707)",121.049221,14.5484707
35,Avenir,IT Center,Operating,"Archbishop Reyes Avenue, Cebu City",Cebu City,Cebu City,PH072217000,Cebu,PH072200000,Region VII,PH070000000,"c(123.903215091716, 10.319096795543)",123.903215091716,10.319096795543
36,Ayala Business Center,IT Center,Operating,"Matina Town Square, Matina, Davao City",Davao City,Davao City,PH112402000,Davao del Sur,PH112400000,Region XI,PH110000000,"c(125.596980943586, 7.062798714386)",125.596980943586,7.062798714386
37,Ayala North Exchange [Formerly Makati Gateway],IT Center,Operating,"Ayala Avenue corner Salcedo and Amorsolo Streets, Barangay San Lorenzo, Makati City",Makati City,City of Makati,PH137602000,"NCR, Fourth District",PH137600000,National Capital Region,PH130000000,"c(121.014100878782, 14.558467510136)",121.014100878782,14.558467510136
38,Bacolod Capitol Corporate Center [Formerly Ayala North Point TechnoHub],IT Park,Operating,"Barangay Zone 15, Talisay City, Negros Occidental",Talisay City,Talisay,PH051611000,Camarines Norte,PH051600000,Region V,PH050000000,"c(122.967328, 10.7387188)",122.967328,10.7387188
39,Bagong Nayong Pilipino – Entertainment City Manila,Tourism,Operating,"Bay City Project, Parañaque City",Parañaque City,City of Parañaque,PH137604000,"NCR, Fourth District",PH137600000,National Capital Region,PH130000000,"c(121.028933, 14.4778938)",121.028933,14.4778938
40,Baguio City Economic Zone,Manufacturing,Operating,"Loakan Road, Baguio City, Benguet Province",Baguio City,Baguio City,PH141102000,Benguet,PH141100000,Cordillera Administrative Region,PH140000000,"c(120.61306, 16.37389)",120.61306,16.37389
41,BA-Lepanto Building,IT Center,Operating,"8747 Paseo de Roxas, Salcedo Village, Makati City",Makati City,City of Makati,PH137602000,"NCR, Fourth District",PH137600000,National Capital Region,PH130000000,"c(121.024242947355, 14.557823336012)",121.024242947355,14.557823336012
42,Balo-I Agro-Industrial Economic Zone,Agro-Industrial,Operating,"Barangay Maria Cristina, Balo-i, Lanao del Norte",Balo-i,Anao,PH036901000,Tarlac,PH036900000,Region III,PH030000000,"c(124.20396, 8.16604)",124.20396,8.16604
43,Batangas Racing Circuit Tourism Estate,Tourism,Operating,"Maligaya, Rosario, Batangas",Rosario,Rosario,PH160307000,Agusan del Sur,PH160300000,Region XIII,PH160000000,"c(121.2798695, 13.8108769)",121.2798695,13.8108769
44,Belle Grande Manila Bay,Tourism,Operating,"Aseana Business Park, Parañaque City",Parañaque City,City of Parañaque,PH137604000,"NCR, Fourth District",PH137600000,National Capital Region,PH130000000,"c(121.03084307711, 14.462886078226)",121.03084307711,14.462886078226
45,Benedicto I.T. Center,IT Center,Operating,"A.S. Fortune St., Bakilid, Mandaue City, Cebu",Mandaue City,Mandaue City,PH072230000,Cebu,PH072200000,Region VII,PH070000000,"c(123.93833, 10.33583)",123.93833,10.33583
46,BGC Corporate Center,IT Center,Operating,"11th Avenue corner 30th Street, Bonifacio Global City, Taguig City",Taguig City,Taguig City,PH137607000,"NCR, Fourth District",PH137600000,National Capital Region,PH130000000,"c(121.053434769182, 14.551000802103)",121.053434769182,14.551000802103
47,BGC Corporate Center 2,IT Center,Operating,"Block 1, 30th Street corner 5th Avenue, Bonifacio Global City, Taguig City",Taguig City,Taguig City,PH137607000,"NCR, Fourth District",PH137600000,National Capital Region,PH130000000,"c(121.049221, 14.5484707)",121.049221,14.5484707
48,Bigfoot Information Technology Park,IT Park,Operating,"Barangay Mactan, Lapu-Lapu City, Island of Mactan",Island of Mactan,Lapu-Lapu City,PH072226000,Cebu,PH072200000,Region VII,PH070000000,"c(124.010877316435, 10.308930097409)",124.010877316435,10.308930097409
49,Blue Wave Marikina IT Center,IT Center,Operating,"Sumulong Highway cor. G. Fernando, Marikina City",Marikina City,City of Marikina,PH137402000,"NCR, Second District",PH137400000,National Capital Region,PH130000000,"c(121.10179441101, 14.635041996201)",121.10179441101,14.635041996201
50,Boracay Eco-Village Resort Tourism Economic Zone,Tourism,Operating,"Yapak, Boracay Island, Malay, Aklan",Aklan,Malay,PH060412000,Aklan,PH060400000,Region VI,PH060000000,"c(121.9145738, 11.9890985)",121.9145738,11.9890985
51,BPI Buendia Center,IT Center,Operating,"Sen. Gil Puyat Avenue, Makati City",Makati City,City of Makati,PH137602000,"NCR, Fourth District",PH137600000,National Capital Region,PH130000000,"c(121.027206103696, 14.561780614697)",121.027206103696,14.561780614697
52,Bridgetowne (formerly Robinsons Business Park),IT Park,Operating,"Along C-5 Road, Ugong Norte, Quezon City",Ugong Norte,City of Pasig,PH137403000,"NCR, Second District",PH137400000,National Capital Region,PH130000000,"c(121.070455, 14.5978452)",121.070455,14.5978452
53,Brooke’s Point Agro-Industrial Economic Zone,Agro-Industrial,Operating,"Barangay Tubtub, Brooke’s Point, Palawan",Palawan,Brooke's Point,PH175306000,Palawan,PH175300000,Region IV-B,PH170000000,"c(117.804654774655, 8.777441324139)",117.804654774655,8.777441324139
54,BTTC Center,IT Center,Operating,"Lot 17, Block 12, Ortigas Avenue cor. Roosevelt Street, Barangay Greenhills, San Juan City",San Juan City,San Juan,PH140122000,Abra,PH140100000,Cordillera Administrative Region,PH140000000,"c(121.0483499, 14.6035528)",121.0483499,14.6035528
55,Bukidnon Agro-Resources Export Zone,Agro-Industrial,Operating,"Barangay Agusan Canyon, Manolo Fortich, Bukidnon",Manolo Fortich,Manolo Fortich,PH101314000,Bukidnon,PH101300000,Region X,PH100000000,"c(124.7993427, 8.3201012)",124.7993427,8.3201012
56,Burgundy Corporate Tower,IT Center,Operating,"252 Sen. Gil Puyat Avenue, Makati City",Makati City,City of Makati,PH137602000,"NCR, Fourth District",PH137600000,National Capital Region,PH130000000,"c(121.027206103696, 14.561780614697)",121.027206103696,14.561780614697
57,C55 Realty Corp. Building,IT Center,Operating,"Barangay Matina Aplaya, Davao City",Davao City,Davao City,PH112402000,Davao del Sur,PH112400000,Region XI,PH110000000,"c(125.57967, 7.04359)",125.57967,7.04359
58,Calamba Premiere International Park,Manufacturing,Operating,"Batino, Parian and Barandal, Calamba City,  Laguna",Calamba City,City of Calamba,PH043405000,Laguna,PH043400000,Region IV-A,PH040000000,"c(121.125916, 14.2006247)",121.125916,14.2006247
59,Camarines Sur Information Technology Park,IT Park,Operating,"Capitol Complex, Cadlan, Pili, Camarines Sur",Pili,Pili,PH051728000,Camarines Sur,PH051700000,Region V,PH050000000,"c(123.252264, 13.595887)",123.252264,13.595887
60,Candelaria Agri Special Economic Zone,Agro-Industrial,Operating,"Barangay Mangilag Sur, Candelaria, Quezon",Candelaria,Candelaria,PH045608000,Quezon,PH045600000,Region IV-A,PH040000000,"c(121.454851861504, 13.931041500981)",121.454851861504,13.931041500981
61,Capella IT Center,IT Center,Operating,"Filinvest Corporate City, Alabang, Muntinlupa City",Muntinlupa City,City of Muntinlupa,PH137603000,"NCR, Fourth District",PH137600000,National Capital Region,PH130000000,"c(121.03818957701, 14.419685610029)",121.03818957701,14.419685610029
62,Carmelray Industrial Park,Manufacturing,Operating,"Canlubang, Calamba City,  Laguna",Calamba City,City of Calamba,PH043405000,Laguna,PH043400000,Region IV-A,PH040000000,"c(121.077643, 14.1941922)",121.077643,14.1941922
63,Carmelray Industrial Park II,Manufacturing,Operating,"Punta & Tulo, Calamba City,  Laguna",Calamba City,City of Calamba,PH043405000,Laguna,PH043400000,Region IV-A,PH040000000,"c(121.1300426, 14.182214)",121.1300426,14.182214
64,Carmelray International Business Park,Manufacturing,Operating,"Canlubang, Calamba City,  Laguna",Calamba City,City of Calamba,PH043405000,Laguna,PH043400000,Region IV-A,PH040000000,"c(121.077643, 14.1941922)",121.077643,14.1941922
65,Carmen Cebu Gum Industrial Zone,Agro-Industrial,Operating,"Cogon West, Carmen, Cebu City",Carmen,Carmen,PH166806000,Surigao del Sur,PH166800000,Region XIII,PH160000000,"c(124.0155211, 10.5886914)",124.0155211,10.5886914
66,Cavite Biofuels Ecozone,Agro-Industrial,Operating,"Barangay Caluangan, Municipality of Magallanes, Province of Cavite",Municipality of Magallanes,Magallanes,PH160208000,Agusan del Norte,PH160200000,Region XIII,PH160000000,"c(120.7575, 14.18833)",120.7575,14.18833
67,Cavite Economic Zone,Manufacturing,Operating,"Rosario, Cavite",Cavite,Cavite City,PH042105000,Cavite,PH042100000,Region IV-A,PH040000000,"c(120.8554197, 14.4159654)",120.8554197,14.4159654
68,Cavite Economic Zone II,Manufacturing,Operating,"Bacao, Gen. Trias, Cavite",Gen. Trias,City of General Trias,PH042108000,Cavite,PH042100000,Region IV-A,PH040000000,"c(120.88339, 14.40579)",120.88339,14.40579
69,Cavite Technopark-Special Economic Zone,Manufacturing,Operating,"Barangay Sabang, Naic, Cavite",Naic,Naic,PH042115000,Cavite,PH042100000,Region IV-A,PH040000000,"c(120.794463250909, 14.313605909193)",120.794463250909,14.313605909193
70,CBP-IT Park,IT Park,Operating,"Barangays Mabolo, Luz, Hipodromo, Carreta, and Kamputhaw, Cebu City",and Kamputhaw,Cebu City,PH072217000,Cebu,PH072200000,Region VII,PH070000000,"c(123.90551, 10.32577)",123.90551,10.32577
72,Cebu I.T. Park,IT Park,Operating,"Lahug and Apas, Cebu City",Cebu City,Cebu City,PH072217000,Cebu,PH072200000,Region VII,PH070000000,"c(123.89279, 10.3343)",123.89279,10.3343
73,Cebu I.T. Tower,IT Center,Operating,"Corner Mindanao and Bohol Streets, Cebu Business Park, Cebu City",Cebu Business Park,Cebu City,PH072217000,Cebu,PH072200000,Region VII,PH070000000,"c(123.904481718272, 10.320136812665)",123.904481718272,10.320136812665
74,Cebu Light Industrial Park,Manufacturing,Operating,"Basak, Lapu-lapu City, Mactan, Cebu",Mactan,Lapu-Lapu City,PH072226000,Cebu,PH072200000,Region VII,PH070000000,"c(124.00706, 10.30623)",124.00706,10.30623
75,Cebu South Road Properties,Manufacturing,Operating,"South Reclamation Project, Cebu City",Cebu City,Cebu City,PH072217000,Cebu,PH072200000,Region VII,PH070000000,"c(123.715110515002, 10.56921486546)",123.715110515002,10.56921486546
76,Central Technopark,Manufacturing,Operating,"San Miguel, Tarlac",Tarlac,San Miguel,PH166816000,Surigao del Sur,PH166800000,Region XIII,PH160000000,"c(120.6118002, 15.4616333)",120.6118002,15.4616333
77,Centrio Corporate Center,IT Center,Operating,"C. M. Recto Avenue and Corrales Street, Cagayan de Oro City",Cagayan de Oro City,Cagayan de Oro City,PH104305000,Misamis Oriental,PH104300000,Region X,PH100000000,"c(124.650471184706, 8.485902393463)",124.650471184706,8.485902393463
78,Century City,IT Park,Operating,"Kalayaan Avenue corner Salamanca Street, Barangay Poblacion, Makati City",Makati City,City of Makati,PH137602000,"NCR, Fourth District",PH137600000,National Capital Region,PH130000000,"c(121.028389307218, 14.564836809675)",121.028389307218,14.564836809675
79,CIIF Agro-Industrial Park,Manufacturing,Operating,"Barangay Kiwalan, Iligan City, Lanao del Norte",Iligan City,Iligan City,PH103504000,Lanao del Norte,PH103500000,Region X,PH100000000,"c(124.266934542588, 8.279961668879)",124.266934542588,8.279961668879
80,CIIF Agro-Industrial Park – Cagayan,Agro-Industrial,Operating,"Purok 3, Tablon, Cagayan de Oro City",Tablon,Cagayan de Oro City,PH104305000,Misamis Oriental,PH104300000,Region X,PH100000000,"c(124.7186829, 8.476735)",124.7186829,8.476735
81,CIIF Agro-Industrial Park - Davao,Agro-Industrial,Operating,"KM 9.5, Barangay Sasa, Davao City",Davao City,Davao City,PH112402000,Davao del Sur,PH112400000,Region XI,PH110000000,"c(125.65322, 7.13451)",125.65322,7.13451
82,Citynet Central,IT Center,Operating,"Sultan Street, Barangay Highway Hills, Mandaluyong City",Mandaluyong City,City of Mandaluyong,PH137401000,"NCR, Second District",PH137400000,National Capital Region,PH130000000,"c(121.051798052642, 14.581508242445)",121.051798052642,14.581508242445
83,CityNet1,IT Center,Operating,"183 EDSA near corner Ortigas Ave., Wack-Wack, Mandaluyong City",Mandaluyong City,City of Mandaluyong,PH137401000,"NCR, Second District",PH137400000,National Capital Region,PH130000000,"c(121.058313120649, 14.593227489196)",121.058313120649,14.593227489196
84,Clark Special Economic Zone,Manufacturing,Operating,"Angeles City, Municipalities of Mabalacat and Porac, Pampanga and the Municipalities of Capas and Bamban, Tarlac",Pampanga and the Municipalities of Capas and Bamban,Angeles City,PH035401000,Pampanga,PH035400000,Region III,PH030000000,"c(120.5939098, 15.3411537)",120.5939098,15.3411537
86,Cocochem Agro-Industrial Park,Manufacturing,Operating,"San Antonio, San Pascual, Batangas",San Pascual,San Pascual,PH054120000,Masbate,PH054100000,Region V,PH050000000,"c(121.0183035, 13.7890472)",121.0183035,13.7890472
87,Cornerstone Business Center,IT Center,Operating,"Barangay San Rafael, Mandurriao, Iloilo City",Mandurriao,Iloilo City,PH063022000,Iloilo,PH063000000,Region VI,PH060000000,"c(122.53556, 10.71972)",122.53556,10.71972
88,Crown 7 I.T. Center,IT Center,Operating,"Juan Luna Avenue, Mabolo, Cebu City, Cebu",Cebu City,Cebu City,PH072217000,Cebu,PH072200000,Region VII,PH070000000,"c(123.911859678995, 10.318882502764)",123.911859678995,10.318882502764
89,Cyber Omega,IT Center,Operating,"Pearl Drive, Ortigas Center, Pasig City",Pasig City,City of Pasig,PH137403000,"NCR, Second District",PH137400000,National Capital Region,PH130000000,"c(121.060532392692, 14.58086667759)",121.060532392692,14.58086667759
90,Cyber Park Building One,IT Center,Operating,"Corner General Aguinaldo Avenue and P. Tuazon  Street, Araneta Center Cubao, Quezon City",Araneta Center Cubao,Quezon City,PH137404000,"NCR, Second District",PH137400000,National Capital Region,PH130000000,"c(121.055138893917, 14.617554580149)",121.055138893917,14.617554580149
91,Cyber Sigma (formerly Bonifacio Summit Center),IT Center,Operating,"Lawton Avenue, Bonifacio South, Taguig City",Taguig City,Taguig City,PH137607000,"NCR, Fourth District",PH137600000,National Capital Region,PH130000000,"c(121.03858494782, 14.534735460564)",121.03858494782,14.534735460564
92,Cybergate Iloilo Towers [formerly- Robinsons Cybergate Pavia Towers],IT Center,Operating,"Barangay Ungka II, Pavia, Iloilo",Pavia,Pavia,PH063036000,Iloilo,PH063000000,Region VI,PH060000000,"c(122.539032998706, 10.766644226577)",122.539032998706,10.766644226577
93,Cyberscape Alpha,IT Center,Operating,"Sapphire and Garnet Roads, Ortigas Center, Pasig City",Pasig City,City of Pasig,PH137403000,"NCR, Second District",PH137400000,National Capital Region,PH130000000,"c(121.062420710517, 14.587393752798)",121.062420710517,14.587393752798
94,Cyberscape Beta,IT Center,Operating,"Topaz and Ruby Roads, Ortigas Center, Pasig City",Pasig City,City of Pasig,PH137403000,"NCR, Second District",PH137400000,National Capital Region,PH130000000,"c(121.061031120392, 14.585132079471)",121.061031120392,14.585132079471
95,Cyberscape Gamma,IT Center,Operating,"Topaz and Ruby Roads, Ortigas Center, Pasig City",Pasig City,City of Pasig,PH137403000,"NCR, Second District",PH137400000,National Capital Region,PH130000000,"c(121.061031120392, 14.585132079471)",121.061031120392,14.585132079471
96,DADC Economic Zone,Agro-Industrial,Operating,"Barangay Darong, Municipality of Sta. Cruz, Province of Davao del Sur",Municipality of Sta. Cruz,Santa Cruz,PH175111000,Occidental Mindoro,PH175100000,Region IV-B,PH170000000,"c(125.46917, 6.93278)",125.46917,6.93278
97,Daiichi Industrial Park,Manufacturing,Operating,"Maguyam, Silang, Cavite",Silang,Silang,PH042118000,Cavite,PH042100000,Region IV-A,PH040000000,"c(121.0220105, 14.2701092)",121.0220105,14.2701092
98,Damosa I.T. Park,IT Park,Operating,"J.P. Laurel Ave. cor. Angliongto Street, Lanang, Davao City",Davao City,Davao City,PH112402000,Davao del Sur,PH112400000,Region XI,PH110000000,"c(125.645311050827, 7.105675692373)",125.645311050827,7.105675692373
99,Davao Park District,IT Park,Operating,"Barangay San Antonio, Davao City",Davao City,Davao City,PH112402000,Davao del Sur,PH112400000,Region XI,PH110000000,"c(125.63487, 7.09899)",125.63487,7.09899
100,DBP IT Plaza,IT Center,Operating,"Barangay Calindagan, Dumaguete, City",City,Dumaguete City,PH074610000,Negros Oriental,PH074600000,Region VII,PH070000000,"c(123.2936929, 9.2820651)",123.2936929,9.2820651
101,Diliman IT Building,IT Center,Operating,"Commonwealth Avenue, Diliman, Quezon City",Diliman,Quezon City,PH137404000,"NCR, Second District",PH137400000,National Capital Region,PH130000000,"c(121.052204068744, 14.653119221301)",121.052204068744,14.653119221301
102,DPC Place Building,IT Center,Operating,"2322 Chino Roces Avenue, Makati City",Makati City,City of Makati,PH137602000,"NCR, Fourth District",PH137600000,National Capital Region,PH130000000,"c(121.023569796711, 14.53195699236)",121.023569796711,14.53195699236
103,"Eastbay Arts, Recreational and Tourism Zone",Tourism,Operating,"San Roque, Angono & Darangan, Binangonan, Rizal",Binangonan,Binangonan,PH045804000,Rizal,PH045800000,Region IV-A,PH040000000,"c(121.1668, 14.5255)",121.1668,14.5255
104,Eastwood City CyberPark,IT Park,Operating,"E Rodriguez, Jr. Ave., Bagumbayan, Quezon City",Bagumbayan,Bagumbayan,PH126501000,Sultan Kudarat,PH126500000,Region XII,PH120000000,"c(121.075529168915, 14.612099643779)",121.075529168915,14.612099643779
105,ECO Plaza,IT Center,Operating,"2305 Chino Roces Avenue Extension, Makati City",Makati City,City of Makati,PH137602000,"NCR, Fourth District",PH137600000,National Capital Region,PH130000000,"c(121.022369756881, 14.533670239252)",121.022369756881,14.533670239252
106,Ecofuel Agro-Industrial Ecozone,Agro-Industrial,Operating,"Sta. Filomena, San Mariano, Isabela",San Mariano,San Mariano,PH023131000,Isabela,PH023100000,Region II,PH020000000,"c(122.0121112, 17.0161175)",122.0121112,17.0161175
107,ECOPRIME,IT Center,Operating,"32nd Street corner 9th Avenue, Bonifacio Global City, Fort Bonifacio, Taguig City",Taguig City,Taguig City,PH137607000,"NCR, Fourth District",PH137600000,National Capital Region,PH130000000,"c(121.052208161472, 14.552992300388)",121.052208161472,14.552992300388
108,Ecotower,IT Center,Operating,"Lot 5, Block 2, 32nd Street corner 9th Avenue, Bonifacio Global City, Taguig City",Taguig City,Taguig City,PH137607000,"NCR, Fourth District",PH137600000,National Capital Region,PH130000000,"c(121.049221, 14.5484707)",121.049221,14.5484707
109,EDSA Central IT Center,IT Center,Operating,"EDSA corner United Street, Mandaluyong City",Mandaluyong City,City of Mandaluyong,PH137401000,"NCR, Second District",PH137400000,National Capital Region,PH130000000,"c(121.052394910274, 14.579188388111)",121.052394910274,14.579188388111
110,EDSA Central IT Center 2,IT Center,Operating,"Along United street, Mandaluyong City",Mandaluyong City,City of Mandaluyong,PH137401000,"NCR, Second District",PH137400000,National Capital Region,PH130000000,"c(121.05519072938, 14.576982480905)",121.05519072938,14.576982480905
111,Embarcadero de Legazpi,Tourism,Operating,"Legazpi Port Area, Legaspi City",Legaspi City,Legazpi City,PH050506000,Albay,PH050500000,Region V,PH050000000,"c(123.7539, 13.1494)",123.7539,13.1494
112,EMI Special Economic Zone,Manufacturing,Operating,"Anabu II, Imus, Cavite",Imus,Imus City,PH042109000,Cavite,PH042100000,Region IV-A,PH040000000,"c(120.958363, 14.3778182)",120.958363,14.3778182
113,eNGY Tech Building,IT Center,Operating,"H. Cortes Street, Banilad, Mandaue City, Cebu",Mandaue City,Mandaue City,PH072230000,Cebu,PH072200000,Region VII,PH070000000,"c(123.924660580706, 10.339189705407)",123.924660580706,10.339189705407
114,eNTEC 2 Building,IT Center,Operating,"Teresa Avenue, Nepo Commercial Complex, Barangays Sto. Rosario and Cutcut, Angeles City, Pampanga",Angeles City,Angeles City,PH035401000,Pampanga,PH035400000,Region III,PH030000000,"c(120.583798632431, 15.131500090189)",120.583798632431,15.131500090189
115,eNTEC Building,IT Center,Operating,"Teresa Ave. cor. Don Juan Ave., Nepo Mart Commercial Complex, Angeles City, Pampanga",Angeles City,Angeles City,PH035401000,Pampanga,PH035400000,Region III,PH030000000,"c(120.586795387107, 15.133661912182)",120.586795387107,15.133661912182
116,ePLDT Ventus Libertad Building,IT Center,Operating,"418 Arayat Street corner Libertad Street, Mandaluyong City",Mandaluyong City,City of Mandaluyong,PH137401000,"NCR, Second District",PH137400000,National Capital Region,PH130000000,"c(121.047344960223, 14.575675033314)",121.047344960223,14.575675033314
117,EROS Building,IT Center,Operating,"Corners Real, Dr. V. Locsin & Cervantes Streets, Brgy. 3, Dumaguete City",Dumaguete City,Dumaguete City,PH074610000,Negros Oriental,PH074600000,Region VII,PH070000000,"c(123.3003036, 9.2957675)",123.3003036,9.2957675
118,E-Square Information Technology Park,IT Park,Operating,"Fort Bonifacio Global City, Taguig City",Taguig City,Taguig City,PH137607000,"NCR, Fourth District",PH137600000,National Capital Region,PH130000000,"c(121.049221, 14.5484707)",121.049221,14.5484707
119,Estancia Mall,IT Center,Operating,"Capitol Commons, Meralco Avenue corner Shaw Boulevard, Pasig City",Pasig City,City of Pasig,PH137403000,"NCR, Second District",PH137400000,National Capital Region,PH130000000,"c(121.0806429, 14.5598218)",121.0806429,14.5598218
120,Eton Centris,IT Park,Operating,"EDSA corner Quezon Avenue, Barangay Pinyahan, Diliman District, Quezon City",Diliman District,Quezon City,PH137404000,"NCR, Second District",PH137400000,National Capital Region,PH130000000,"c(121.037797406799, 14.644086195456)",121.037797406799,14.644086195456
121,Eton Cyberpod Corinthian,IT Park,Operating,"Ortigas Avenue corner Efipanio Delos Santos Avenue, Barangay Ugong Norte, Quezon City",Barangay Ugong Norte,City of Pasig,PH137403000,"NCR, Second District",PH137400000,National Capital Region,PH130000000,"c(121.058576982961, 14.593024689049)",121.058576982961,14.593024689049
122,Exportbank Plaza Building,IT Center,Operating,"Exportbank Drive cor. Chino Roces Ave., Makati City",Makati City,City of Makati,PH137602000,"NCR, Fourth District",PH137600000,National Capital Region,PH130000000,"c(121.012115506927, 14.559328390546)",121.012115506927,14.559328390546
123,Fairview Terraces Corporate Center,IT Center,Operating,"Maligaya Road, Fairview, Quezon City",Fairview,Quezon City,PH137404000,"NCR, Second District",PH137400000,National Capital Region,PH130000000,"c(121.070728, 14.7032559)",121.070728,14.7032559
124,Felcris Centrale,IT Center,Operating,"Quezon Boulevard, Barangay Bucana, Davao City",Davao City,Davao City,PH112402000,Davao del Sur,PH112400000,Region XI,PH110000000,"c(125.609803091497, 7.061246108865)",125.609803091497,7.061246108865
125,Fiesta World Mall IT Center,IT Center,Operating,"Barrio Maraouy, Lipa City, Batangas",Lipa City,Lipa City,PH041014000,Batangas,PH041000000,Region IV-A,PH040000000,"c(121.1651615, 13.9603158)",121.1651615,13.9603158
126,Filandia IT Center,IT Center,Operating,"Jacinto Extension cor. Quirino Avenue, Davao City",Davao City,Davao City,PH112402000,Davao del Sur,PH112400000,Region XI,PH110000000,"c(125.611122364929, 7.075584319921)",125.611122364929,7.075584319921
127,Filinvest Cebu Cyberzone,IT Center,Operating,"Salinas Drive, Lahug, Cebu City",Lahug,Cebu City,PH072217000,Cebu,PH072200000,Region VII,PH070000000,"c(123.90142982402, 10.329566655031)",123.90142982402,10.329566655031
128,Filinvest Innovation Park [formerly New Clark City-Phase 1],Manufacturing,Operating,"Clark Special Economic Zone, Barangay Aranguren, Capas, Tarlac",Capas,Capas,PH036904000,Tarlac,PH036900000,Region III,PH030000000,"c(120.5242057, 15.3600325)",120.5242057,15.3600325
129,Filinvest Technology Park - Calamba,Manufacturing,Operating,"Punta, Burol & Bubuyan, Calamba City,  Laguna",Calamba City,City of Calamba,PH043405000,Laguna,PH043400000,Region IV-A,PH040000000,"c(121.1044156, 14.1713317)",121.1044156,14.1713317
130,First Cavite Industrial Estate,Manufacturing,Operating,"Langkaan, Dasmariñas, Cavite",Dasmariñas,City of Dasmariñas,PH042106000,Cavite,PH042100000,Region IV-A,PH040000000,"c(120.93333, 14.31667)",120.93333,14.31667
131,First Industrial Township - SEZ,Manufacturing,Operating,"Trapiche, Pagaspas & Baloc-Baloc, Tanauan, Batangas",Tanauan,Tanauan,PH083748000,Leyte,PH083700000,Region VIII,PH080000000,"c(121.130195764962, 14.095534901109)",121.130195764962,14.095534901109
132,First Oriental Business and Industrial Park,Manufacturing,Operating,"Ilang, Bunawan District, Davao  City",Davao  City,Davao City,PH112402000,Davao del Sur,PH112400000,Region XI,PH110000000,"c(125.64331, 7.24163)",125.64331,7.24163
133,First Philippine Industrial Park,Manufacturing,Operating,"Barangays Ulango and Laurel, Tanauan City and Sta. Anastacia,  Sto. Tomas, Batangas",Sto. Tomas,Santo Tomas,PH112318000,Davao del Norte,PH112300000,Region XI,PH110000000,"c(121.1386951, 14.1366969)",121.1386951,14.1366969
134,First Philippine Industrial Park II,Manufacturing,Operating,"Barangays Sta. Anastacia and San Rafael, Sto. Tomas, Batangas",Sto. Tomas,Santo Tomas,PH112318000,Davao del Norte,PH112300000,Region XI,PH110000000,"c(121.135924649478, 14.134966079987)",121.135924649478,14.134966079987
135,FLB Corporate Center,IT Center,Operating,"Arch. Reyes Ave., Cebu Business Park, Mabolo, Cebu City",Mabolo,Cebu City,PH072217000,Cebu,PH072200000,Region VII,PH070000000,"c(123.903215091716, 10.319096795543)",123.903215091716,10.319096795543
136,Food Terminal Incorporated Special Economic Zone,Manufacturing,Operating,"East Service Road, Taguig City",Taguig City,Taguig City,PH137607000,"NCR, Fourth District",PH137600000,National Capital Region,PH130000000,"c(121.045365962506, 14.475037466063)",121.045365962506,14.475037466063
137,Fort Ilocandia Tourism Economic Zone,Tourism,Operating,"Balacad, Laoag City, Ilocos Norte",Ilocos Norte,Laoag City,PH012812000,Ilocos Norte,PH012800000,Region I,PH010000000,"c(120.5537, 18.1553)",120.5537,18.1553
139,Gateway Business Park,Manufacturing,Operating,"Javalera, Gen. Trias, Cavite",Gen. Trias,City of General Trias,PH042108000,Cavite,PH042100000,Region IV-A,PH040000000,"c(120.9148453, 14.2672221)",120.9148453,14.2672221
140,Gateway Office Tower,IT Center,Operating,"Araneta Center, Cubao, Quezon City",Cubao,Quezon City,PH137404000,"NCR, Second District",PH137400000,National Capital Region,PH130000000,"c(121.054306309481, 14.620711631427)",121.054306309481,14.620711631427
141,Gateway Tower,IT Center,Operating,"Araneta Center, Cubao, Quezon City",Cubao,Quezon City,PH137404000,"NCR, Second District",PH137400000,National Capital Region,PH130000000,"c(121.054306309481, 14.620711631427)",121.054306309481,14.620711631427
142,Gensan Economic Zone,Manufacturing,Operating,"Barangay Tambler, General Santos City",General Santos City,General Santos City,PH126303000,South Cotabato,PH126300000,Region XII,PH120000000,"c(125.142049154048, 6.059019276156)",125.142049154048,6.0590192761559996
143,GLAS Office Development,IT Center,Operating,"Opal Road, cor. Topaz and Ruby Road, Brgy. San Antonio, Pasig City",Pasig City,City of Pasig,PH137403000,"NCR, Second District",PH137400000,National Capital Region,PH130000000,"c(121.060413535005, 14.586868728345)",121.060413535005,14.586868728345
144,Global Trade Center,IT Center,Operating,"1024 EDSA, Quezon City",Quezon City,Quezon City,PH137404000,"NCR, Second District",PH137400000,National Capital Region,PH130000000,"c(121.02309546481, 14.657015448742)",121.02309546481,14.657015448742
145,Glorietta 1 BPO,IT Center,Operating,"Rizal Drive, Green Street and Hotel Drive, Barangay San Lorenzo, Makati City",Makati City,City of Makati,PH137602000,"NCR, Fourth District",PH137600000,National Capital Region,PH130000000,"c(121.0205792, 14.5499982)",121.0205792,14.5499982
146,Glorietta 2 BPO,IT Center,Operating,"Rizal Drive, Green Street and Hotel Drive, Barangay San Lorenzo, Makati City",Makati City,City of Makati,PH137602000,"NCR, Fourth District",PH137600000,National Capital Region,PH130000000,"c(121.0205792, 14.5499982)",121.0205792,14.5499982
147,Glorietta 5,IT Center,Operating,"Office Drive, Makati City",Makati City,City of Makati,PH137602000,"NCR, Fourth District",PH137600000,National Capital Region,PH130000000,"c(121.0261473, 14.569122)",121.0261473,14.569122
148,Golden Gate Business Park-Cavite Export Processing Zone,Manufacturing,Operating,"Brgy. Buenavista, Gen. Trias, Cavite",Gen. Trias,City of General Trias,PH042108000,Cavite,PH042100000,Region IV-A,PH040000000,"c(120.89313308989, 14.322124825391)",120.89313308989,14.322124825391
149,Golden Mile Business Park,Manufacturing,Operating,"Governor's Drive, Maduya, Carmona, Cavite",Carmona,Carmona,PH042104000,Cavite,PH042100000,Region IV-A,PH040000000,"c(121.061299695251, 14.318265386058)",121.061299695251,14.318265386058
150,Green Tourism Ecozone - Pangulasian,Tourism,Operating,"Barangay Bebeladan, El Nido, Palawan",Palawan,El Nido,PH175312000,Palawan,PH175300000,Region IV-B,PH170000000,"c(119.378899, 11.0208037)",119.378899,11.0208037
151,Greenfield Automotive Park,Manufacturing,Operating,"Don Jose, Sta. Rosa City, Laguna",Sta. Rosa City,Santa Rosa,PH034928000,Nueva Ecija,PH034900000,Region III,PH030000000,"c(121.086706, 14.2577375)",121.086706,14.2577375
152,GT Tower International,IT Center,Operating,"Ayala Ave. cor. H. V. Dela Costa St., Makati City",Makati City,City of Makati,PH137602000,"NCR, Fourth District",PH137600000,National Capital Region,PH130000000,"c(121.016263459351, 14.559942113496)",121.016263459351,14.559942113496
153,Hanston Square,IT Center,Operating,"Ortigas Center, Pasig City",Pasig City,City of Pasig,PH137403000,"NCR, Second District",PH137400000,National Capital Region,PH130000000,"c(121.061656368573, 14.585894670552)",121.061656368573,14.585894670552
154,Harvester Corporate Center,IT Center,Operating,"58 P. Tuazon Boulevard corner 7th and 8th Avenue, Cubao, Quezon City",Cubao,Quezon City,PH137404000,"NCR, Second District",PH137400000,National Capital Region,PH130000000,"c(121.054617288082, 14.617097305421)",121.054617288082,14.617097305421
155,HDMF-WTCI IT Tower,IT Center,Operating,"Mindanao Avenue, Cebu Business Park, Cebu City",Cebu Business Park,Cebu City,PH072217000,Cebu,PH072200000,Region VII,PH070000000,"c(123.905252042684, 10.320229030972)",123.905252042684,10.320229030972
156,Hermosa Ecozone Industrial Park,Manufacturing,Operating,"Hermosa, Bataan",Bataan,Hermosa,PH030805000,Bataan,PH030800000,Region III,PH030000000,"c(120.5073637, 14.8317529)",120.5073637,14.8317529
157,"HGS Cyberpark
(formerly HTMT Cyber Park)",IT Park,Operating,"86 E. Rodriguez Jr. Avenue, Barangay Ugong Norte, Quezon City",Barangay Ugong Norte,City of Pasig,PH137403000,"NCR, Second District",PH137400000,National Capital Region,PH130000000,"c(121.079751514401, 14.594870300309)",121.079751514401,14.594870300309
158,Hijo Special Economic Zone,Manufacturing,Operating,"Madaum, Tagum City, Davao del Norte",Tagum City,City of Tagum,PH112319000,Davao del Norte,PH112300000,Region XI,PH110000000,"c(125.8117185, 7.3855036)",125.8117185,7.3855036
159,Horizon IT Park,IT Park,Operating,"Barangays Sto. Cristo and Kaybanban, San Jose Del Monte City, Bulacan",San Jose Del Monte City,City of San Jose del Monte,PH031420000,Bulacan,PH031400000,Region III,PH030000000,"c(121.0962, 14.8138)",121.0962,14.8138
160,HPI Corporate Center,IT Center,Operating,"1026 EDSA, Quezon City",Quezon City,Quezon City,PH137404000,"NCR, Second District",PH137400000,National Capital Region,PH130000000,"c(121.022677680171, 14.657366714441)",121.022677680171,14.657366714441
162,Iloilo Business Park,Tourism,Operating,"Old Airport, Iloilo City",Iloilo City,Iloilo City,PH063022000,Iloilo,PH063000000,Region VI,PH060000000,"c(122.5412049, 10.710011)",122.5412049,10.710011
163,Iloilo Commercial Development Corp. Building,IT Center,Operating,"Corner Avacena and Locsin Streets, Barangay North San Jose, Iloilo City",Barangay North San Jose,Quezon City,PH137404000,"NCR, Second District",PH137400000,National Capital Region,PH130000000,"c(122.53389, 10.77028)",122.53389,10.77028
164,Iloilo Gateway Cyberscape,IT Center,Operating,"Barangay Mali-ao, Pavia, Iloilo",Pavia,Pavia,PH063036000,Iloilo,PH063000000,Region VI,PH060000000,"c(122.5312381, 10.7885609)",122.5312381,10.7885609
165,Iloilo Technohub,IT Park,Operating,"Riverside Boardwalk, Barangay San Rafael, Iloilo City",Barangay San Rafael,Iloilo City,PH063022000,Iloilo,PH063000000,Region VI,PH060000000,"c(122.5499271, 10.7064294)",122.5499271,10.7064294
166,Inoza Tower,IT Center,Operating,"Block 32, Lots 8 and 11, 39th and 40th Streets, Bonifacio Global City, Fort Bonifacio, Taguig City",Taguig City,Taguig City,PH137607000,"NCR, Fourth District",PH137600000,National Capital Region,PH130000000,"c(121.049221, 14.5484707)",121.049221,14.5484707
167,Insular Life Building,IT Center,Operating,"6781 Ayala Avenue corner Paseo de Roxas, Makati City",Makati City,City of Makati,PH137602000,"NCR, Fourth District",PH137600000,National Capital Region,PH130000000,"c(121.021073917402, 14.556754014714)",121.021073917402,14.556754014714
168,Insular Life Corporate Center,IT Center,Operating,"Life Drive, Filinvest Corporate City, Alabang, Muntinlupa City",Muntinlupa City,City of Muntinlupa,PH137603000,"NCR, Fourth District",PH137600000,National Capital Region,PH130000000,"c(121.044048, 14.4178119)",121.044048,14.4178119
169,Irasan-Roxas Zanorte Special Economic Zone,Agro-Industrial,Operating,"Barangay Irasan, Municipality of Roxas, Zamboanga del Norte",Municipality of Roxas,Roxas City,PH061914000,Capiz,PH061900000,Region VI,PH060000000,"c(123.2059, 8.443)",123.2059,8.443
170,I-Square Building,IT Center,Operating,"Meralco Avenue, Ortigas Center, Pasig City",Pasig City,City of Pasig,PH137403000,"NCR, Second District",PH137400000,National Capital Region,PH130000000,"c(121.061094013752, 14.574816627423)",121.061094013752,14.574816627423
171,Jasaan Misamis Oriental Ecozone,Manufacturing,Operating,"Solana & Luz Banzon, Jasaan, Misamis Oriental",Jasaan,Jasaan,PH104311000,Misamis Oriental,PH104300000,Region X,PH100000000,"c(124.7671238, 8.633751)",124.7671238,8.633751
172,Jazz IT Center,IT Center,Operating,"Jupiter Street corner N. Garcia Street, Barangay Bel-Air, Makati City",Makati City,City of Makati,PH137602000,"NCR, Fourth District",PH137600000,National Capital Region,PH130000000,"c(121.02230773355, 14.562824398541)",121.02230773355,14.562824398541
173,JELP Business Solution Center,IT Center,Operating,"409 Shaw Boulevard, Mandaluyong City",Mandaluyong City,City of Mandaluyong,PH137401000,"NCR, Second District",PH137400000,National Capital Region,PH130000000,"c(121.031367025605, 14.591639878264)",121.031367025605,14.591639878264001
174,JESA Building,IT Center,Operating,"90 General Maxilom Avenue, Cebu City",Cebu City,Cebu City,PH072217000,Cebu,PH072200000,Region VII,PH070000000,"c(123.911284475679, 10.305412841803)",123.911284475679,10.305412841803
175,JGC Philippines Building,IT Center,Operating,"2109 Prime Street, Madrigal Business Park, Ayala Alabang, Muntinlupa City",Muntinlupa City,City of Muntinlupa,PH137603000,"NCR, Fourth District",PH137600000,National Capital Region,PH130000000,"c(121.044048, 14.4178119)",121.044048,14.4178119
176,JMALL IT Center,IT Center,Operating,"A.S. Fortuna Street, Bakilid, Mandaue City, Cebu",Mandaue City,Mandaue City,PH072230000,Cebu,PH072200000,Region VII,PH070000000,"c(123.93833, 10.33583)",123.93833,10.33583
177,John Hay Special Tourism Economic Zone,Tourism,Operating,"Baguio City, Benguet Province",Benguet Province,Baguio City,PH141102000,Benguet,PH141100000,Cordillera Administrative Region,PH140000000,"c(120.59306, 16.41639)",120.59306,16.41639
178,Jose Panganiban SEZ,Manufacturing,Operating,"Jose Panganiban, Camarines Norte",Camarines Norte,Iba,PH037105000,Zambales,PH037100000,Region III,PH030000000,"c(122.6925122, 14.2914107)",122.6925122,14.2914107
179,JY Campos IT Centre,IT Center,Operating,"9th Avenue corner 30th Street, Bonifacio Global City, Taguig City",Taguig City,Taguig City,PH137607000,"NCR, Fourth District",PH137600000,National Capital Region,PH130000000,"c(121.051682699961, 14.551555181179)",121.051682699961,14.551555181179
180,JY Square IT Center,IT Center,Operating,"Salinas Drive, Lahug, Cebu City",Lahug,Cebu City,PH072217000,Cebu,PH072200000,Region VII,PH070000000,"c(123.90142982402, 10.329566655031)",123.90142982402,10.329566655031
181,JY Square IT Center II,IT Center,Operating,"Salinas Drive, Lahug, Cebu City",Lahug,Cebu City,PH072217000,Cebu,PH072200000,Region VII,PH070000000,"c(123.90142982402, 10.329566655031)",123.90142982402,10.329566655031
182,JY Square IT Center III,IT Center,Operating,"Salinas Drive, Lahug, Cebu City",Lahug,Cebu City,PH072217000,Cebu,PH072200000,Region VII,PH070000000,"c(123.90142982402, 10.329566655031)",123.90142982402,10.329566655031
183,Kamanga Agro-Industrial Economic Zone,Agro-Industrial,Operating,"Brgy. Kamanga, Municipality of Maasim, Province of Sarangani",Municipality of Maasim,Maasim,PH128004000,Sarangani,PH128000000,Region XII,PH120000000,"c(125.00611, 5.8575)",125.00611,5.8575
184,Keppel Center,IT Center,Operating,"Cardinal Rosales Avenue corner Samar Loop, Cebu Business Park, Cebu City",Cebu Business Park,Cebu City,PH072217000,Cebu,PH072200000,Region VII,PH070000000,"c(123.905841262967, 10.316146314291)",123.905841262967,10.316146314291
185,King’s Court IT Center,IT Center,Operating,"2129 Don Chino Roces Avenue, Makati City",Makati City,City of Makati,PH137602000,"NCR, Fourth District",PH137600000,National Capital Region,PH130000000,"c(121.017400187747, 14.54282023725)",121.017400187747,14.54282023725
186,K-Pointe Technology Center,IT Center,Operating,"No. 691 Aurora Boulevard, Quezon City",Quezon City,Quezon City,PH137404000,"NCR, Second District",PH137400000,National Capital Region,PH130000000,"c(121.034074165408, 14.61349702655)",121.034074165408,14.61349702655
187,KRC I.T. Zone,IT Center,Operating,"Lopez Jaena Street, Subangdaku, Mandaue City, Cebu",Mandaue City,Mandaue City,PH072230000,Cebu,PH072200000,Region VII,PH070000000,"c(123.927416414191, 10.325582761123)",123.927416414191,10.325582761123
188,"L & Y Plaza I, L & Y Plaza II, L & Y Plaza III",IT Center,Operating,"120 E. Rodriguez Jr. Avenue corner Ortigas Avenue, Brgy. Ugong, Pasig City",Pasig City,City of Pasig,PH137403000,"NCR, Second District",PH137400000,National Capital Region,PH130000000,"c(121.079872716721, 14.589876320488)",121.079872716721,14.589876320488
189,Laguna International Industrial Park,Manufacturing,Operating,"Ganado & Mamplasan, Biñan City, Laguna",Biñan City,City of Biñan,PH043403000,Laguna,PH043400000,Region IV-A,PH040000000,"c(121.08089, 14.28893)",121.08089,14.28893
190,Laguna Technopark,Manufacturing,Operating,"Sta. Rosa and Biñan City, Laguna",Laguna,City of Santa Rosa,PH043428000,Laguna,PH043400000,Region IV-A,PH040000000,"c(121.0847536, 14.338775)",121.0847536,14.338775
191,Laguna Technopark Annex,Manufacturing,Operating,"Barangay Biñan, Biñan City, Laguna",Biñan City,City of Biñan,PH043403000,Laguna,PH043400000,Region IV-A,PH040000000,"c(121.052755769086, 14.262423582578)",121.052755769086,14.262423582578
192,Lakeside EvoZone,IT Park,Operating,"Barangays Don Jose and Sto. Domingo, Sta. Rosa City, Laguna",Sta. Rosa City,Santa Rosa,PH034928000,Nueva Ecija,PH034900000,Region III,PH030000000,"c(121.0602981, 14.2428494)",121.0602981,14.2428494
193,LBRDC - Special Economic Zone [formerly Victoria Wave Special Economic Zone],Manufacturing,Operating,"Malaria, Tala, Caloocan City",Caloocan City,Caloocan City,PH137501000,"NCR, Third District",PH137500000,National Capital Region,PH130000000,"c(120.9714452, 14.6515298)",120.9714452,14.6515298
194,Lexmark Plaza,IT Park,Operating,"Cebu Business Park, Cebu City",Cebu City,Cebu City,PH072217000,Cebu,PH072200000,Region VII,PH070000000,"c(123.902926544578, 10.318823724104)",123.902926544578,10.318823724104
195,Lexmark Plaza III (formerly Creativo IT Center),IT Center,Operating,"Cebu Business Park, Cebu City, Province of Cebu",Cebu City,Cebu City,PH072217000,Cebu,PH072200000,Region VII,PH070000000,"c(123.89071, 10.31672)",123.89071,10.31672
196,Leyte Industrial Development Estate,Manufacturing,Operating,"Isabel, Leyte",Leyte,Leyte,PH083729000,Leyte,PH083700000,Region VIII,PH080000000,"c(124.4332803, 10.9246802)",124.4332803,10.9246802
197,Leyte Information Communication Tech. Park,IT Park,Operating,"Brgy. Pawing, Palo, Leyte",Palo,Palo,PH083739000,Leyte,PH083700000,Region VIII,PH080000000,"c(124.9953433, 11.1876675)",124.9953433,11.1876675
198,Leyte Mikyu  Economic Zone,IT Park,Operating,"Pawing, Palo, Leyte",Palo,Palo,PH083739000,Leyte,PH083700000,Region VIII,PH080000000,"c(124.9953433, 11.1876675)",124.9953433,11.1876675
199,Light Industry & Science Park I,Manufacturing,Operating,"Diezmo, Cabuyao, Laguna",Cabuyao,Cabuyao City,PH043404000,Laguna,PH043400000,Region IV-A,PH040000000,"c(121.1056553, 14.2495405)",121.1056553,14.2495405
200,Light Industry & Science Park II,Manufacturing,Operating,"Real & La Mesa, Calamba City,  Laguna",Calamba City,City of Calamba,PH043405000,Laguna,PH043400000,Region IV-A,PH040000000,"c(121.1636109, 14.1860107)",121.1636109,14.1860107
201,Light Industry & Science Park III,Manufacturing,Operating,"San Rafael & Sta Anastacia, Sto. Tomas, Batangas",Sto. Tomas,Santo Tomas,PH112318000,Davao del Norte,PH112300000,Region XI,PH110000000,"c(121.137891833297, 14.127700493254)",121.137891833297,14.127700493254
202,Light Industry & Science Park IV,Manufacturing,Operating,"Barangays Bulihan, Luta Sur, Luta Norte, San Fernando, San Pedro West, and Poblacion, Malvar, Batangas",Malvar,Malvar,PH041017000,Batangas,PH041000000,Region IV-A,PH040000000,"c(121.1560434, 14.051504)",121.1560434,14.051504
203,Lima Technology Center,Manufacturing,Operating,"San Lucas, Bugtong na Pulo & Inosluban, Lipa City and Santiago & Payapa, Malvar, Batangas",Malvar,Malvar,PH041017000,Batangas,PH041000000,Region IV-A,PH040000000,"c(121.1554715, 14.0158578)",121.1554715,14.0158578
204,Limketkai Mall Module-2 BPO & Cyberpark Buildin,IT Center,Operating,"Lapasan, Cagayan De Oro City",Cagayan De Oro City,Cagayan de Oro City,PH104305000,Misamis Oriental,PH104300000,Region X,PH100000000,"c(124.6647411, 8.4825661)",124.6647411,8.4825661
205,LinkSy IT Park,IT Park,Operating,"Bantayan, Dumaguete City, Negros Oriental",Dumaguete City,Dumaguete City,PH074610000,Negros Oriental,PH074600000,Region VII,PH070000000,"c(123.3062306, 9.3196019)",123.3062306,9.3196019
206,Lopue’s South Square IT Park,IT Park,Operating,"Araneta Street, Barangay Tangub, Bacolod City",Bacolod City,Bacolod City,PH064501000,Negros Occidental,PH064500000,Region VI,PH060000000,"c(122.930957749075, 10.637968702362)",122.930957749075,10.637968702362
207,Lopue's East I. T. Center,IT Center,Operating,"Burgos Street coner Hilado National Highway, Bacolod City",Bacolod City,Bacolod City,PH064501000,Negros Occidental,PH064500000,Region VI,PH060000000,"c(122.946825132137, 10.673165704895)",122.946825132137,10.673165704895
208,LP Information Technology Park,IT Park,Operating,"Jose Romero Sr. Street, Bagacay, Dumaguete City, Negros Oriental",Dumaguete City,Dumaguete City,PH074610000,Negros Oriental,PH074600000,Region VII,PH070000000,"c(123.288206909931, 9.298260856021)",123.288206909931,9.298260856021
209,Luisa Avenue Square IT Center,IT Center,Operating,"Jacinto Extension corner Villamor Street, Davao City",Davao City,Davao City,PH112402000,Davao del Sur,PH112400000,Region XI,PH110000000,"c(125.616314912036, 7.080866951533)",125.616314912036,7.080866951533
210,Luisita Industrial Park,Manufacturing,Operating,"San Miguel, Tarlac",Tarlac,San Miguel,PH166816000,Surigao del Sur,PH166800000,Region XIII,PH160000000,"c(120.6118002, 15.4616333)",120.6118002,15.4616333
211,Lumina Point,IT Center,Operating,"Aguinaldo Highway corner Nueno Avenue, Tanzang Luma 1, Imus, Cavite",Imus,Imus City,PH042109000,Cavite,PH042100000,Region IV-A,PH040000000,"c(120.942146983436, 14.422624914172)",120.942146983436,14.422624914172
212,Luxur Plaza ITformation Centre,IT Center,Operating,"46 Lizares Avenue, Bacolod City",Bacolod City,Bacolod City,PH064501000,Negros Occidental,PH064500000,Region VI,PH060000000,"c(122.944331514596, 10.660515536974)",122.944331514596,10.660515536974
213,Maayo Medical,Medical Tourism Center,Operating,"Barangay Alang-alang, Mandaue City, Cebu",Mandaue City,Mandaue City,PH072230000,Cebu,PH072200000,Region VII,PH070000000,"c(123.945969692498, 10.33196754455)",123.945969692498,10.33196754455
214,Mabuhay I.T. Park,IT Park,Operating,"Barangay Lago, General Santos City",General Santos City,General Santos City,PH126303000,South Cotabato,PH126300000,Region XII,PH120000000,"c(125.190639955306, 6.128659427953)",125.190639955306,6.128659427953
215,Macroasia Ecozone,Manufacturing,Operating,"Nichols Field, NAIA, Pasay City",Pasay City,Pasay City,PH137605000,"NCR, Fourth District",PH137600000,National Capital Region,PH130000000,"c(121.0226, 14.5181)",121.0226,14.5181
216,Mactan Economic Zone,Manufacturing,Operating,"Lapu-Lapu City, Mactan, Cebu",Mactan,Lapu-Lapu City,PH072226000,Cebu,PH072200000,Region VII,PH070000000,"c(124.01105, 10.30563)",124.01105,10.30563
217,Mactan Ecozone II,Manufacturing,Operating,"Basak, Lapu-lapu City, Mactan, Cebu",Mactan,Lapu-Lapu City,PH072226000,Cebu,PH072200000,Region VII,PH070000000,"c(124.00706, 10.30623)",124.00706,10.30623
218,Mall of Asia Arena Annex Bldg. – IT Center,IT Center,Operating,"Coral Way corner J.W. Diokno Boulevard, Mall of Asia Complex, CBP-1A, Pasay City",Pasay City,Pasay City,PH137605000,"NCR, Fourth District",PH137600000,National Capital Region,PH130000000,"c(120.984486826223, 14.531377216117)",120.984486826223,14.531377216117
219,Mango Square,IT Center,Operating,"Maxilom Avenue corner Juana Osmeña Street, Cebu City",Cebu City,Cebu City,PH072217000,Cebu,PH072200000,Region VII,PH070000000,"c(123.89541736054, 10.310278101969)",123.89541736054,10.310278101969
220,Manila Harbour Center,Manufacturing,Operating,"District of Tondo, Manila City",Manila City,Tondo I / II,PH133901000,National Capital Region,PH133900000,National Capital Region,PH130000000,"c(120.9780244, 14.611891)",120.9780244,14.611891
221,Manticao Ecozone Corporation SEZ,Manufacturing,Operating,"Barangay Poblacion, Manticao, Misamis Oriental",Manticao,Manticao,PH104318000,Misamis Oriental,PH104300000,Region X,PH100000000,"c(124.2852492, 8.3959471)",124.2852492,8.3959471
222,Maria Cristina Building,IT Center,Operating,"Along Osmeña Capitol Site, Cebu City",Cebu City,Cebu City,PH072217000,Cebu,PH072200000,Region VII,PH070000000,"c(123.88934, 10.31642)",123.88934,10.31642
223,Market! Market!,IT Center,Operating,"Lot-C, Bonifacio Global City, Taguig City",Taguig City,Taguig City,PH137607000,"NCR, Fourth District",PH137600000,National Capital Region,PH130000000,"c(121.049221, 14.5484707)",121.049221,14.5484707
224,Marvin Plaza Building,IT Center,Operating,"2153 Chino Roces Avenue corner Herrera Street, Makati City",Makati City,City of Makati,PH137602000,"NCR, Fourth District",PH137600000,National Capital Region,PH130000000,"c(121.013595164294, 14.554982792845)",121.013595164294,14.554982792845
225,Matina IT Park,IT Park,Operating,"Mac Arthur Highway, Matina, Davao City",Davao City,Davao City,PH112402000,Davao del Sur,PH112400000,Region XI,PH110000000,"c(125.580309649763, 7.05835631629)",125.580309649763,7.05835631629
226,McKinley Exchange Corporate Center,IT Center,Operating,"McKinley Road corner Epifanio Delos Santos Avenue (EDSA), Makati City",Makati City,City of Makati,PH137602000,"NCR, Fourth District",PH137600000,National Capital Region,PH130000000,"c(121.029402092579, 14.550029213796)",121.029402092579,14.550029213796
227,McKinley Hill Cyber Park,IT Park,Operating,"Fort Bonifacio Global City, Taguig City",Taguig City,Taguig City,PH137607000,"NCR, Fourth District",PH137600000,National Capital Region,PH130000000,"c(121.049221, 14.5484707)",121.049221,14.5484707
228,McKinley West,IT Park,Operating,"South Bonifacio District, Bonifacio Global City, Taguig City",Taguig City,Taguig City,PH137607000,"NCR, Fourth District",PH137600000,National Capital Region,PH130000000,"c(121.049221, 14.5484707)",121.049221,14.5484707
229,MDC 100,IT Center,Operating,"E. Rodriguez Jr. Avenue (C-5 Road) cor. Eastwood Avenue, Barangay Bagumbayan, Quezon City",Barangay Bagumbayan,Quezon City,PH137404000,"NCR, Second District",PH137400000,National Capital Region,PH130000000,"c(121.078624735157, 14.607326017975)",121.078624735157,14.607326017975
230,Mega One Bldg.(formerly PLDT Sampaloc Building),IT Center,Operating,"España Boulevard, Rotonda, Quezon City",Rotonda,Quezon City,PH137404000,"NCR, Second District",PH137400000,National Capital Region,PH130000000,"c(121.001881058029, 14.617641749738)",121.001881058029,14.617641749738
231,Menarco Tower,IT Center,Operating,"Lot 8, Block 5, 32nd Street, Bonifacio Global City, Taguig City",Taguig City,Taguig City,PH137607000,"NCR, Fourth District",PH137600000,National Capital Region,PH130000000,"c(121.049221, 14.5484707)",121.049221,14.5484707
232,MetroCas Industrial Estates-Special Economic Zone,Manufacturing,Operating,"Barangay Calibuyo, Tanza, Cavite",Tanza,Tanza,PH042120000,Cavite,PH042100000,Region IV-A,PH040000000,"c(120.803859026083, 14.355698701368)",120.803859026083,14.355698701368
233,Milestone at Fifth Avenue,IT Center,Operating,"Lot 2, Block 16, 4th and 5th Avenues, Bonifacio Global City, Taguig City",Taguig City,Taguig City,PH137607000,"NCR, Fourth District",PH137600000,National Capital Region,PH130000000,"c(121.049221, 14.5484707)",121.049221,14.5484707
234,Millennium Industrial Economic Zone,Manufacturing,Operating,"Barangays Calumpang and Tambler, General Santos City, South Cotabato",General Santos City,General Santos City,PH126303000,South Cotabato,PH126300000,Region XII,PH120000000,"c(125.0807127, 6.0241739)",125.0807127,6.0241739
235,Misibis Resorts and Estates,Tourism,Operating,"Cagraray Island, Barangay Misibis, Bacacay, Albay",Bacacay,Bacacay,PH050501000,Albay,PH050500000,Region V,PH050000000,"c(123.9018294, 13.247069)",123.9018294,13.247069
236,MJ Corporate Plaza,IT Center,Operating,"2310 Pasong Tamo Extension, Makati City",Makati City,City of Makati,PH137602000,"NCR, Fourth District",PH137600000,National Capital Region,PH130000000,"c(121.022833697974, 14.532785836855)",121.022833697974,14.532785836855
237,Monfort Information Technology Building,IT Center,Operating,"22nd Street, Lacson, Bacolod City",Bacolod City,Bacolod City,PH064501000,Negros Occidental,PH064500000,Region VI,PH060000000,"c(122.956165853736, 10.683501710255)",122.956165853736,10.683501710255
238,Montage [formerly Abiathar Commercial Complex],IT Center,Operating,"Archbishop Reyes Avenue, Cebu City",Cebu City,Cebu City,PH072217000,Cebu,PH072200000,Region VII,PH070000000,"c(123.903215091716, 10.319096795543)",123.903215091716,10.319096795543
239,MRI Ecozone,Manufacturing,Operating,"Sabang,  Danao  City, Cebu",Danao  City,Danao City,PH072223000,Cebu,PH072200000,Region VII,PH070000000,"c(124.0309784, 10.4967268)",124.0309784,10.4967268
240,MSE Center,IT Park,Operating,"Ayala Triangle, Ayala Avenue, Makati City",Makati City,City of Makati,PH137602000,"NCR, Fourth District",PH137600000,National Capital Region,PH130000000,"c(121.02424, 14.55681)",121.02424,14.55681
241,Multinational Bancorporation Centre,IT Center,Operating,"6805 Ayala Avenue, Makati City",Makati City,City of Makati,PH137602000,"NCR, Fourth District",PH137600000,National Capital Region,PH130000000,"c(121.017566761476, 14.559269381947)",121.017566761476,14.559269381947
242,Naga City Technology Park,IT Park,Operating,"Barangay Triangulo, Naga City",Naga City,Naga City,PH051724000,Camarines Sur,PH051700000,Region V,PH050000000,"c(123.186369176606, 13.618379855496)",123.186369176606,13.618379855496
243,Naga Valley Industrial Park,Manufacturing,Operating,"Barangay Cantao-an, Naga, Cebu",Naga,Naga City,PH051724000,Camarines Sur,PH051700000,Region V,PH050000000,"c(123.7604266, 10.2522157)",123.7604266,10.2522157
244,Negros First Cybercentre,IT Center,Operating,"Barangay 39, Bacolod City",Bacolod City,Bacolod City,PH064501000,Negros Occidental,PH064500000,Region VI,PH060000000,"c(122.9455785, 10.6657479)",122.9455785,10.6657479
245,Neutrinus Information Technology Center,IT Center,Operating,"254 Magsaysay Avenue, Baguio City",Baguio City,Baguio City,PH141102000,Benguet,PH141100000,Cordillera Administrative Region,PH140000000,"c(120.594105285901, 16.427018648419)",120.594105285901,16.427018648419
246,New Jubilee Agro-Industrial Economic Zone,Agro-Industrial,Operating,"Barangay Hilapnitan, Municipality of Baybay, Province of Leyte",Municipality of Baybay,City of Baybay,PH083708000,Leyte,PH083700000,Region VIII,PH080000000,"c(124.7698, 10.7989)",124.7698,10.7989
247,Newport City CyberTourism Zone,Tourism,Operating,"Sales Road corner Andrews Avenue, Villamor Airbase, Pasay City",Pasay City,Pasay City,PH137605000,"NCR, Fourth District",PH137600000,National Capital Region,PH130000000,"c(121.018736288426, 14.517091603259)",121.018736288426,14.517091603259
248,Nex Tower,IT Center,Operating,"6786 Ayala Avenue, Barangay San Lorenzo, Makati City",Makati City,City of Makati,PH137602000,"NCR, Fourth District",PH137600000,National Capital Region,PH130000000,"c(121.021665910552, 14.55638630067)",121.021665910552,14.55638630067
249,Niscom IT Building,IT Center,Operating,"No. 41 Commonwealth Avenue, Barangay Holy Spirit, Quezon City",Barangay Holy Spirit,Quezon City,PH137404000,"NCR, Second District",PH137400000,National Capital Region,PH130000000,"c(121.084692122095, 14.681075389951)",121.084692122095,14.681075389951
250,Northgate Cyber Zone,IT Park,Operating,"Filinvest Corporate City, Alabang, Muntinlupa City",Muntinlupa City,City of Muntinlupa,PH137603000,"NCR, Fourth District",PH137600000,National Capital Region,PH130000000,"c(121.03818957701, 14.419685610029)",121.03818957701,14.419685610029
251,NorthLuzon Aero Industrial Park,Manufacturing,Operating,"Barangay Linmansangan, Binalonan, Pangasinan",Binalonan,Binalonan,PH015512000,Pangasinan,PH015500000,Region I,PH010000000,"c(120.572394496797, 16.048648578943)",120.572394496797,16.048648578943
252,NYK-TDG I.T. Park,IT Park,Operating,"Knowledge Avenue, Carmel Town, Canlubang, Calamba City, Laguna",Calamba City,City of Calamba,PH043405000,Laguna,PH043400000,Region IV-A,PH040000000,"c(121.081563662349, 14.207932105803)",121.081563662349,14.207932105803
253,Oakridge I.T. Center Towers,IT Center,Operating,"A.S. Fortuna, Banilad, Mandaue City",Mandaue City,Mandaue City,PH072230000,Cebu,PH072200000,Region VII,PH070000000,"c(123.914777757449, 10.343290200741)",123.914777757449,10.343290200741
254,Oakridge Information Technology Center,IT Center,Operating,"A.S. Fortuna Street, Banilad, Mandaue City",Mandaue City,Mandaue City,PH072230000,Cebu,PH072200000,Region VII,PH070000000,"c(123.937400833007, 10.329503267751)",123.937400833007,10.329503267751
255,Octagon IT Center,IT Center,Operating,"San Miguel Avenue, Ortigas Center, Pasig City",Pasig City,City of Pasig,PH137403000,"NCR, Second District",PH137400000,National Capital Region,PH130000000,"c(121.059536214743, 14.580938024375)",121.059536214743,14.580938024375
256,Okada Resorts (formerly Eagle I Entertainment City),Tourism,Operating,"Barangays Tambo and Dongalo, Parañaque City",Parañaque City,City of Parañaque,PH137604000,"NCR, Fourth District",PH137600000,National Capital Region,PH130000000,"c(120.9922338, 14.5046791)",120.9922338,14.5046791
257,One Ayala Avenue,IT Center,Operating,"Epifanio Delos Santos Avenue corner Ayala Avenue, Barangay San Lorenzo, Makati City",Makati City,City of Makati,PH137602000,"NCR, Fourth District",PH137600000,National Capital Region,PH130000000,"c(121.029110402348, 14.550341900694)",121.029110402348,14.550341900694
258,One Corporate Centre,IT Center,Operating,"Meralco Avenue corner Julia Vargas Avenue, Ortigas Center, Pasig City",Pasig City,City of Pasig,PH137403000,"NCR, Second District",PH137400000,National Capital Region,PH130000000,"c(121.063759178419, 14.584360399556)",121.063759178419,14.584360399556
259,One Felicity Center,IT Center,Operating,"Commonwealth Avenue, Barangay Holy Spirit, Quezon City",Barangay Holy Spirit,Quezon City,PH137404000,"NCR, Second District",PH137400000,National Capital Region,PH130000000,"c(121.084692122095, 14.681075389951)",121.084692122095,14.681075389951
260,One Global Place,IT Center,Operating,"Lot 1, Bock 9, 5th Avenue corner 25th Street, Bonifacio South District, Bonifacio Global City, Taguig City",Taguig City,Taguig City,PH137607000,"NCR, Fourth District",PH137600000,National Capital Region,PH130000000,"c(121.049221, 14.5484707)",121.049221,14.5484707
261,One Griffinstone,IT Center,Operating,"Commerce Ave. cor. Spectrum, Filinvest Corp. City, Alabang, Muntinlupa City",Muntinlupa City,City of Muntinlupa,PH137603000,"NCR, Fourth District",PH137600000,National Capital Region,PH130000000,"c(121.036848622537, 14.41920358086)",121.036848622537,14.41920358086
262,One Julia Vargas Building,IT Center,Operating,"No.1 Julia Vargas Avenue corner Meralco Avenue, Barangay Ugong, Pasig City",Pasig City,City of Pasig,PH137403000,"NCR, Second District",PH137400000,National Capital Region,PH130000000,"c(121.063759178419, 14.584360399556)",121.063759178419,14.584360399556
263,One San Miguel Avenue Condominium,IT Center,Operating,"Shaw Boulevard corner San Miguel Avenue, Ortigas Center, Pasig City",Pasig City,City of Pasig,PH137403000,"NCR, Second District",PH137400000,National Capital Region,PH130000000,"c(121.057274435208, 14.578133483687)",121.057274435208,14.578133483687
264,One Sanparq,IT Center,Operating,"San Antonio Park Square, Lacson Street, Mandalagan, Bacolod City",Bacolod City,Bacolod City,PH064501000,Negros Occidental,PH064500000,Region VI,PH060000000,"c(122.959698804893, 10.693421453257)",122.959698804893,10.693421453257
265,One World Place,IT Center,Operating,"Block 5, 32nd Street, City Center North, Bonifacio Global City, Taguig City",Taguig City,Taguig City,PH137607000,"NCR, Fourth District",PH137600000,National Capital Region,PH130000000,"c(121.049221, 14.5484707)",121.049221,14.5484707
266,Orient Square IT Center,IT Center,Operating,"Along Emerald Avenue, Ortigas Center, Pasig City",Pasig City,City of Pasig,PH137403000,"NCR, Second District",PH137400000,National Capital Region,PH130000000,"c(121.0806429, 14.5598218)",121.0806429,14.5598218
267,Ortigas Technopoint Tower 1&2,IT Center,Operating,"No. 1, Doña Julia Vargas Street corner Meralco Avenue, Barangay Ugong, Pasig City",Pasig City,City of Pasig,PH137403000,"NCR, Second District",PH137400000,National Capital Region,PH130000000,"c(121.0929237, 14.5483004)",121.0929237,14.5483004
268,Pacific Information Technology Center,IT Center,Operating,"Pascor Drive, Brgy. Sto. Nino, Paranaque City",Paranaque City,City of Parañaque,PH137604000,"NCR, Fourth District",PH137600000,National Capital Region,PH130000000,"c(120.996887401976, 14.508769408084)",120.996887401976,14.508769408084
269,Pacific Star Building,IT Center,Operating,"Corners Sen. Gil Puyat and Makati Avenues, Makati City",Makati City,City of Makati,PH137602000,"NCR, Fourth District",PH137600000,National Capital Region,PH130000000,"c(121.027675504343, 14.561250193306)",121.027675504343,14.561250193306
270,Palayan City Government Center & Central Business Hub,IT Park,Operating,"Barangay Singalat, Palayan City, Nueva Ecija",Nueva Ecija,Palayan City,PH034919000,Nueva Ecija,PH034900000,Region III,PH030000000,"c(121.09584142048, 15.571712635294)",121.09584142048,15.571712635294
271,Pamalican Island Tourism Ecozone,Tourism,Operating,"Barangay Manamok, Cuyo, Palawan",Palawan,Cuyo,PH175310000,Palawan,PH175300000,Region IV-B,PH170000000,"c(120.6902418, 11.3180781)",120.6902418,11.3180781
272,Pampanga Economic Zone,Manufacturing,Operating,"Barangay Pulong Maragul, Angeles City, Pampanga",Angeles City,Angeles City,PH035401000,Pampanga,PH035400000,Region III,PH030000000,"c(120.6252458, 15.1609007)",120.6252458,15.1609007
273,Pangasinan Industrial Park II,Manufacturing,Operating,"Alos, Alaminos &  Tagudin, Mabini, Pangasinan",Mabini,Mabini,PH118203000,Compostela Valley,PH118200000,Region XI,PH110000000,"c(119.9471451, 16.0723623)",119.9471451,16.0723623
274,PANORAMA,IT Center,Operating,"Block 9, City Center North, Fort Bonifacio, Taguig City",Taguig City,Taguig City,PH137607000,"NCR, Fourth District",PH137600000,National Capital Region,PH130000000,"c(121.0422, 14.5272)",121.0422,14.5272
275,Panorama TechnoCenter,IT Center,Operating,"1029 EDSA, Veterans Village, Project 7, Quezon City",Project 7,Quezon City,PH137404000,"NCR, Second District",PH137400000,National Capital Region,PH130000000,"c(121.022166079386, 14.65720865161)",121.022166079386,14.65720865161
276,PBCom Tower,IT Center,Operating,"Ayala Avenue cor. Herrera Street, Makati City",Makati City,City of Makati,PH137602000,"NCR, Fourth District",PH137600000,National Capital Region,PH130000000,"c(121.018834859607, 14.558266780599)",121.018834859607,14.558266780599
277,PDC Information Techno Park,IT Park,Operating,"Barangay Tambubong, San Rafael, Bulacan",San Rafael,San Rafael,PH063042000,Iloilo,PH063000000,Region VI,PH060000000,"c(121.0398579, 14.9984073)",121.0398579,14.9984073
278,People's Technology Complex,Manufacturing,Operating,"Maduya, Carmona, Cavite",Carmona,Carmona,PH042104000,Cavite,PH042100000,Region IV-A,PH040000000,"c(121.0654542, 14.3187509)",121.0654542,14.3187509
279,Peoplesupport Center IT Building,IT Center,Operating,"Amorsolo Street, Makati City",Makati City,City of Makati,PH137602000,"NCR, Fourth District",PH137600000,National Capital Region,PH130000000,"c(121.014100878782, 14.558467510136)",121.014100878782,14.558467510136
280,Phil. BXT Corp. Tourism Economic Zone,Tourism,Operating,"Barangay Maribago, Lapu-Lapu City",Lapu-Lapu City,Lapu-Lapu City,PH072226000,Cebu,PH072200000,Region VII,PH070000000,"c(123.992427359715, 10.285174160713)",123.992427359715,10.285174160713
281,Philamlife  I.T. Building,IT Center,Operating,"Acacia Avenue, Madrigal Business Park, Brgy. Ayala Alabang, Muntinlupa City",Muntinlupa City,City of Muntinlupa,PH137603000,"NCR, Fourth District",PH137600000,National Capital Region,PH130000000,"c(121.021909507068, 14.419071038411)",121.021909507068,14.419071038411
282,Philamlife IT Tower,IT Center,Operating,"8767 Paseo de Roxas, Makati City",Makati City,City of Makati,PH137602000,"NCR, Fourth District",PH137600000,National Capital Region,PH130000000,"c(121.021894421904, 14.557102073243)",121.021894421904,14.557102073243
283,Philippine Packing Agricultural Export Processing Zone,Agro-Industrial,Operating,"Bugo, Cagayan De Oro City",Cagayan De Oro City,Cagayan de Oro City,PH104305000,Misamis Oriental,PH104300000,Region X,PH100000000,"c(124.7650316, 8.5061761)",124.7650316,8.5061761
284,Philplans Corporate Center,IT Center,Operating,"10th Avenue corner Kalayaan Avenue, Bonifacio Triangle, Bonifacio Global City, Taguig City",Taguig City,Taguig City,PH137607000,"NCR, Fourth District",PH137600000,National Capital Region,PH130000000,"c(121.055899383992, 14.561059714556)",121.055899383992,14.561059714556
286,Pioneer House Cebu,IT Center,Operating,"Lot 8, Blk. 14, Cardinal Rosales Ave., Brgy. Mabolo, Cebu City",Brgy. Mabolo,Cebu City,PH072217000,Cebu,PH072200000,Region VII,PH070000000,"c(123.92232, 10.32337)",123.92232,10.32337
287,Plastic Processing Center SEZ,Manufacturing,Operating,"Alion and Cabcaben, Mariveles, Bataan",Mariveles,Mariveles,PH030807000,Bataan,PH030800000,Region III,PH030000000,"c(120.5591509, 14.4602426)",120.5591509,14.4602426
288,Polaris Center,IT Center,Operating,"Spectrum Midway, Filinvest Corporate City, Alabang, Muntinlupa City",Muntinlupa City,City of Muntinlupa,PH137603000,"NCR, Fourth District",PH137600000,National Capital Region,PH130000000,"c(121.037770587039, 14.420822196427)",121.037770587039,14.420822196427
289,Pueblo de Oro IT Park,IT Park,Operating,"Pueblo Business Park, Barangay Upper Carmen, Cagayan de Oro City",Barangay Upper Carmen,Cebu City,PH072217000,Cebu,PH072200000,Region VII,PH070000000,"c(124.63611, 8.47833)",124.63611,8.47833
290,Pueblo de Panay Technopark,IT Park,Operating,"Roxas City, Capiz",Capiz,Roxas City,PH061914000,Capiz,PH061900000,Region VI,PH060000000,"c(122.75111, 11.58528)",122.75111,11.58528
291,Q Plaza Building II,IT Center,Operating,"Tatlong Kawayan, Barangay Dela Paz, Pasig City",Pasig City,City of Pasig,PH137403000,"NCR, Second District",PH137400000,National Capital Region,PH130000000,"c(121.085748, 14.5715599)",121.085748,14.5715599
292,Quezon Agro-Industrial Zone,Agro-Industrial,Operating,"Barangay San Jose, Quezon, Bukidnon",Quezon,Quezon City,PH137404000,"NCR, Second District",PH137400000,National Capital Region,PH130000000,"c(125.070979105569, 7.736116124699)",125.070979105569,7.736116124699
293,RBC Sheridan,IT Center,Operating,"Corner of United Street and Sheridan Street, Barangay Highway Hills, Mandaluyong City",Mandaluyong City,City of Mandaluyong,PH137401000,"NCR, Second District",PH137400000,National Capital Region,PH130000000,"c(121.055840291574, 14.576458402246)",121.055840291574,14.576458402246
294,RCBC Plaza,IT Center,Operating,"Ayala Ave. cor. Gil Puyat Ave., Makati City",Makati City,City of Makati,PH137602000,"NCR, Fourth District",PH137600000,National Capital Region,PH130000000,"c(121.015521912377, 14.561355009005)",121.015521912377,14.561355009005
295,Rio Tuba Export Processing Zone,Manufacturing,Operating,"Rio Tuba, Bataraza, Palawan",Palawan,Bataraza,PH175305000,Palawan,PH175300000,Region IV-B,PH170000000,"c(117.4080605, 8.5566586)",117.4080605,8.5566586
296,Robinland IT/BPO Center,IT Center,Operating,"Zuellig Ave., Mandaue Reclamation Area, Mandaue City, Province of Cebu",Mandaue City,Mandaue City,PH072230000,Cebu,PH072200000,Region VII,PH070000000,"c(123.92222, 10.32361)",123.92222,10.32361
297,Robinsons Big R Supercenter Cainta Junction,IT Center,Operating,"Ortigas Avenue Extension, Barangay Sto. Domingo, Cainta, Rizal",Cainta,Cainta,PH045805000,Rizal,PH045800000,Region IV-A,PH040000000,"c(121.114303463027, 14.586678648314)",121.114303463027,14.586678648314
298,Robinsons Cybergate Cebu,IT Center,Operating,"Don Gil Garcia Street, Barangay Capitol Site, Cebu City",Barangay Capitol Site,Cebu City,PH072217000,Cebu,PH072200000,Region VII,PH070000000,"c(123.890508294507, 10.315277510319)",123.890508294507,10.315277510319
299,Robinsons Cybergate Center,IT Center,Operating,"Araneta Street, Singcang, Bacolod City",Bacolod City,Bacolod City,PH064501000,Negros Occidental,PH064500000,Region VI,PH060000000,"c(122.939177554047, 10.65515292236)",122.939177554047,10.65515292236
300,Robinsons Cybergate Davao,IT Center,Operating,"J.P. Laurel Avenue, Davao City",Davao City,Davao City,PH112402000,Davao del Sur,PH112400000,Region XI,PH110000000,"c(125.613141843149, 7.07771597599)",125.613141843149,7.07771597599
301,Robinsons Cybergate Naga,IT Center,Operating,"Naga Diversion Road corner Almeda Highway, Barangay Triangulo, Naga City",Naga City,Naga City,PH051724000,Camarines Sur,PH051700000,Region V,PH050000000,"c(123.2073292138, 13.609997248931)",123.2073292138,13.609997248931
302,Robinsons CyberPark,IT Park,Operating,"EDSA corner Pioneer Street, Mandaluyong City",Mandaluyong City,City of Mandaluyong,PH137401000,"NCR, Second District",PH137400000,National Capital Region,PH130000000,"c(121.047228137519, 14.572498916915)",121.047228137519,14.572498916915
303,Robinsons Cyberpark Davao,IT Park,Operating,"J.P. Laurel Avenue, Davao City",Davao City,Davao City,PH112402000,Davao del Sur,PH112400000,Region XI,PH110000000,"c(125.613141843149, 7.07771597599)",125.613141843149,7.07771597599
304,Robinsons Galleria Cebu,IT Center,Operating,"General Maxilom Avenue, Cebu City",Cebu City,Cebu City,PH072217000,Cebu,PH072200000,Region VII,PH070000000,"c(123.911284475679, 10.305412841803)",123.911284475679,10.305412841803
305,Robinsons Luisita,IT Center,Operating,"McArthur Highway, San Miguel, Tarlac City, Tarlac",Tarlac City,City of Tarlac,PH036916000,Tarlac,PH036900000,Region III,PH030000000,"c(120.599452156864, 15.452784884358)",120.599452156864,15.452784884358
306,Robinsons Luisita 2,IT Center,Operating,"McArthur Highway, San Miguel, Tarlac City",San Miguel,San Miguel,PH166816000,Surigao del Sur,PH166800000,Region XIII,PH160000000,"c(120.599452156864, 15.452784884358)",120.599452156864,15.452784884358
307,Robinsons Luisita 3,IT Center,Operating,"McArthur Highway, San Miguel, Tarlac City",San Miguel,San Miguel,PH166816000,Surigao del Sur,PH166800000,Region XIII,PH160000000,"c(120.599452156864, 15.452784884358)",120.599452156864,15.452784884358
308,Robinsons Place Dasmariñas,IT Center,Operating,"Aguinaldo Highway corner Governor’s Drive, Sitio Pala-pala, Barangay Sampaloc, Dasmariñas, Cavite",Dasmariñas,City of Dasmariñas,PH042106000,Cavite,PH042100000,Region IV-A,PH040000000,"c(120.954069402513, 14.302172104037)",120.954069402513,14.302172104037
309,Robinsons Place Ilocos Norte Expansion,IT Center,Operating,"Valdez Compound, Barangay 1 San Francisco, San Nicolas, Ilocos Norte",Ilocos Norte,San Francisco,PH166719000,Surigao del Norte,PH166700000,Region XIII,PH160000000,"c(120.5934057, 18.1761155)",120.5934057,18.1761155
310,Robinsons Place Lipa,IT Center,Operating,"JP Laurel National Highway, Mataas na Lupa, Lipa City",Lipa City,Lipa City,PH041014000,Batangas,PH041000000,Region IV-A,PH040000000,"c(120.995665056422, 13.812823171028)",120.995665056422,13.812823171028
311,Robinsons Place Novaliches,IT Center,Operating,"1199 Quirino Highway corner Maligaya Road, Barangay Pasong Putik, Novaliches, Quezon City",Novaliches,Quezon City,PH137404000,"NCR, Second District",PH137400000,National Capital Region,PH130000000,"c(121.059051231043, 14.73531638027)",121.059051231043,14.73531638027
312,Robinsons Place Otis (Manila Gas),IT Center,Operating,"Paz Mendiola Guanzon Street, Paco, Manila",Manila,Paco,PH133911000,"NCR, City of Manila, First District",PH133900000,National Capital Region,PH130000000,"c(120.997951526571, 14.588508326576)",120.997951526571,14.588508326576
313,Robinsons Place Sta. Rosa,IT Center,Operating,"Brgy. Tagapo, Sta. Rosa City, Laguna",Sta. Rosa City,Santa Rosa,PH034928000,Nueva Ecija,PH034900000,Region III,PH030000000,"c(121.102905947175, 14.318747609885)",121.102905947175,14.318747609885
314,Robinsons Summit Center,IT Center,Operating,"6783 Ayala Avenue, Salcedo Village, Barangay Bel-Air, Makati City",Makati City,City of Makati,PH137602000,"NCR, Fourth District",PH137600000,National Capital Region,PH130000000,"c(121.020284452404, 14.55730061151)",121.020284452404,14.55730061151
315,Robinsons-Equitable Tower,IT Center,Operating,"ADB Avenue corner Poveda Street, Ortigas Center, Pasig City",Pasig City,City of Pasig,PH137403000,"NCR, Second District",PH137400000,National Capital Region,PH130000000,"c(121.059793867664, 14.589023692342)",121.059793867664,14.589023692342
316,Samar Agro-Industrial Economic Zone,Agro-Industrial,Operating,"Barangay Malajog, Tinambacan District, Calbayog City, Western Samar",Calbayog City,Calbayog City,PH086003000,Samar,PH086000000,Region VIII,PH080000000,"c(124.4831123, 12.1081565)",124.4831123,12.1081565
317,San Carlos Ecozone,Agro-Industrial,Operating,"Palampas and Punao, San Carlos City, Negros Occidental",San Carlos City,San Carlos City,PH064524000,Negros Occidental,PH064500000,Region VI,PH060000000,"c(123.4215299, 10.5020446)",123.4215299,10.5020446
318,San Carlos Ecozone II,Manufacturing,Operating,"Barangay Palampas, San Carlos City, Negros Occidental",San Carlos City,San Carlos City,PH064524000,Negros Occidental,PH064500000,Region VI,PH060000000,"c(123.4215299, 10.5020446)",123.4215299,10.5020446
319,San Lazaro Tourism and Business Park,Tourism,Operating,"Felix Huertas Street, Sta. Cruz, Manila",Manila,Santa Cruz,PH133905000,National Capital Region,PH133900000,National Capital Region,PH130000000,"c(120.98492939071, 14.623992489476)",120.98492939071,14.623992489476
320,Sanctuary IT Building,IT Center,Operating,"Mac Arthur Highway,Brgy. Nancayasan, Urdaneta City, Pangasinan",Urdaneta City,City of Urdaneta,PH015546000,Pangasinan,PH015500000,Region I,PH010000000,"c(120.5780724, 15.9408606)",120.5780724,15.9408606
321,Sarangani Economic Development Zone,Agro-Industrial,Operating,"Cannery, Polomolok, South Cotabato",Polomolok,Polomolok,PH126312000,South Cotabato,PH126300000,Region XII,PH120000000,"c(125.0618748, 6.2171632)",125.0618748,6.2171632
322,Scape,IT Center,Operating,"Macapagal Avenue cor. Pearl Drive, Central Business Park 1, Barangay 76, San Rafael, Pasay City",Pasay City,Pasay City,PH137605000,"NCR, Fourth District",PH137600000,National Capital Region,PH130000000,"c(120.993034, 14.541526)",120.993034,14.541526
323,SDC IT Building,IT Center,Operating,"Dr. A. Santos Avenue cor. Soreena Avenue, Parañaque City",Parañaque City,City of Parañaque,PH137604000,"NCR, Fourth District",PH137600000,National Capital Region,PH130000000,"c(121.035593636816, 14.456591193777)",121.035593636816,14.456591193777
324,Seatrium Philippines Marine - SEZ [formerly Keppel Philippines Marine Special Economic Zone],Manufacturing,Operating,"Barangay San Miguel, Bauan, Batangas",Bauan,Bauan,PH041006000,Batangas,PH041000000,Region IV-A,PH040000000,"c(120.973855, 13.7825041)",120.973855,13.7825041
325,Shaw Center Mall,IT Center,Operating,"Shaw Boulevard cor. Nueve de Pebrero Street, Barangay Addition Hills, Mandaluyong City",Mandaluyong City,City of Mandaluyong,PH137401000,"NCR, Second District",PH137400000,National Capital Region,PH130000000,"c(121.031367025605, 14.591639878264)",121.031367025605,14.591639878264001
326,Silver City,IT Center,Operating,"Frontera Verde Drive, Frontera Verde, Ortigas Avenue, Pasig City",Pasig City,City of Pasig,PH137403000,"NCR, Second District",PH137400000,National Capital Region,PH130000000,"c(121.0806429, 14.5598218)",121.0806429,14.5598218
327,Silver City 2 & 3,IT Center,Operating,"Along Frontera Verde Drive, Frontera Verde, E. Rodriguez Jr. Avenue, Ugong, Pasig City",Pasig City,City of Pasig,PH137403000,"NCR, Second District",PH137400000,National Capital Region,PH130000000,"c(121.0929237, 14.5483004)",121.0929237,14.5483004
328,Silver City 5 [formerly Transcom Center],IT Center,Operating,"C-5 corner Las Fiestas Road, Frontera Verde, Pasig City",Pasig City,City of Pasig,PH137403000,"NCR, Second District",PH137400000,National Capital Region,PH130000000,"c(121.079263873767, 14.586689617912)",121.079263873767,14.586689617912
329,Skytech IT Park (Mabalacat),IT Park,Operating,"Barangay Camachiles, Mabalacat, Pampanga",Mabalacat,Mabalacat City,PH035409000,Pampanga,PH035400000,Region III,PH030000000,"c(120.6223138, 15.1959995)",120.6223138,15.1959995
330,SLC Building,IT Center,Operating,"6797 Ayala Avenue, Makati City",Makati City,City of Makati,PH137602000,"NCR, Fourth District",PH137600000,National Capital Region,PH130000000,"c(121.020284452404, 14.55730061151)",121.020284452404,14.55730061151
331,SM Baguio Cyberzone Building,IT Center,Operating,"Harrison Road, Baguio City, Benguet Province",Baguio City,Baguio City,PH141102000,Benguet,PH141100000,Cordillera Administrative Region,PH140000000,"c(120.595350861992, 16.412838555234)",120.595350861992,16.412838555234
332,SM BF – Parañaque IT Center,IT Center,Operating,"Dr. A. Santos Avenue corner President’s Avenue, Barangay BF, Parañaque City",Parañaque City,City of Parañaque,PH137604000,"NCR, Fourth District",PH137600000,National Capital Region,PH130000000,"c(121.031848267201, 14.458586799194)",121.031848267201,14.458586799194
333,SM City Clark IT Park,IT Park,Operating,"M. A. Roxas Highway, Malabanias, Angeles City",Angeles City,Angeles City,PH035401000,Pampanga,PH035400000,Region III,PH030000000,"c(120.569926718795, 15.166742133321)",120.569926718795,15.166742133321
334,SM City Fairview – Annex II,IT Center,Operating,"Regalado Avenue corner Qurino Hi-way, Barangay Pasong Putik, Novaliches, Quezon City",Novaliches,Quezon City,PH137404000,"NCR, Second District",PH137400000,National Capital Region,PH130000000,"c(121.060947804274, 14.73536218737)",121.060947804274,14.73536218737
335,SM City Fairview - BPO Towers,IT Center,Operating,"Quirino Highway corner Regalado Avenue, Barangay Pasong Putik, Novaliches, Quezon City",Novaliches,Quezon City,PH137404000,"NCR, Second District",PH137400000,National Capital Region,PH130000000,"c(121.060947804274, 14.73536218737)",121.060947804274,14.73536218737
336,SM City Lipa,IT Center,Operating,"Ayala High, Lipa City, Batangas",Lipa City,Lipa City,PH041014000,Batangas,PH041000000,Region IV-A,PH040000000,"c(121.1613099, 13.9439508)",121.1613099,13.9439508
337,SM City North EDSA Complex,IT Park,Operating,"EDSA corner North Avenue, Quezon City",Quezon City,Quezon City,PH137404000,"NCR, Second District",PH137400000,National Capital Region,PH130000000,"c(121.02949982557, 14.655825595677)",121.02949982557,14.655825595677
338,SM City Pampanga,IT Center,Operating,"City of San Fernando and Municipality of Mexico, Pampanga",Pampanga,San Fernando,PH175913000,Romblon,PH175900000,Region IV-B,PH170000000,"c(125.647403013728, 7.120207979865)",125.647403013728,7.120207979865
339,SM City San Mateo,IT Center,Operating,"General Luna Avenue, Barangay Ampid 1, San Mateo, Rizal",San Mateo,San Mateo,PH045811000,Rizal,PH045800000,Region IV-A,PH040000000,"c(121.1394885, 14.6643283)",121.1394885,14.6643283
340,SM Cyber West Avenue,IT Center,Operating,"EDSA corner West Avenue and Bulacan Streets, Quezon City",Quezon City,Quezon City,PH137404000,"NCR, Second District",PH137400000,National Capital Region,PH130000000,"c(121.030277582365, 14.655076798357)",121.030277582365,14.655076798357
341,SM iCity 2,IT Park,Operating,"SM Central Business Park, Bay City, Pasay City",Pasay City,Pasay City,PH137605000,"NCR, Fourth District",PH137600000,National Capital Region,PH130000000,"c(120.9944465, 14.5436072)",120.9944465,14.5436072
342,SM iCity 3,IT Park,Operating,"SM Central Business Park 1-A, Mall of Asia Complex, Pasay City",Pasay City,Pasay City,PH137605000,"NCR, Fourth District",PH137600000,National Capital Region,PH130000000,"c(120.9944465, 14.5436072)",120.9944465,14.5436072
343,SM Lanang Premier IT Center,IT Center,Operating,"J.P. Laurel Avenue, Barangay San Antonio, Agdao District, Davao City",Davao City,Davao City,PH112402000,Davao del Sur,PH112400000,Region XI,PH110000000,"c(125.637720927019, 7.102681660537)",125.637720927019,7.102681660537
344,SM Makati Cyber Zone 2 Building,IT Center,Operating,"Gil Puyat Avenue corner Zodiac and Jupiter Streets, Makati City",Makati City,City of Makati,PH137602000,"NCR, Fourth District",PH137600000,National Capital Region,PH130000000,"c(121.0350254276, 14.555855516603)",121.0350254276,14.555855516603
345,SM Makati Cyberzone Building,IT Center,Operating,"69 Jupiter Street, Makati City",Makati City,City of Makati,PH137602000,"NCR, Fourth District",PH137600000,National Capital Region,PH130000000,"c(121.029725292253, 14.561251609314)",121.029725292253,14.561251609314
346,SM Megamall Building D IT Center,IT Center,Operating,"Barangay Wack-Wack, Mandaluyong City",Mandaluyong City,City of Mandaluyong,PH137401000,"NCR, Second District",PH137400000,National Capital Region,PH130000000,"c(121.04242711021, 14.5933993881)",121.04242711021,14.5933993881
347,SM Megamall I.T. Center,IT Center,Operating,"Brgy. Wack-Wack, Mandaluyong City",Mandaluyong City,City of Mandaluyong,PH137401000,"NCR, Second District",PH137400000,National Capital Region,PH130000000,"c(121.04242711021, 14.5933993881)",121.04242711021,14.5933993881
348,SM Mezza Strip IT Center,IT Center,Operating,"Aurora Boulevard corner Araneta Avenue, Barangay Doña Imelda, Quezon City",Barangay Doña Imelda,Quezon City,PH137404000,"NCR, Second District",PH137400000,National Capital Region,PH130000000,"c(121.018706197393, 14.605739910438)",121.018706197393,14.605739910438
349,SM Strata [formerly SM City Iloilo BPO Tower],IT Center,Operating,"Along Benigno Aquino Avenue, Mandurriao, Iloilo City",Mandurriao,Iloilo City,PH063022000,Iloilo,PH063000000,Region VI,PH060000000,"c(122.53556, 10.71972)",122.53556,10.71972
350,SMDM IT Center,IT Center,Operating,"Sitio Pala-Pala, Barangay Sampaloc 1, Dasmariñas City, Cavite",Dasmariñas City,City of Dasmariñas,PH042106000,Cavite,PH042100000,Region IV-A,PH040000000,"c(120.95827, 14.29314)",120.95827,14.29314
352,SMPIC Special Economic Zone,Manufacturing,Operating,"Barangay Paciano Rizal, Calamba City, Laguna",Calamba City,City of Calamba,PH043405000,Laguna,PH043400000,Region IV-A,PH040000000,"c(121.1296542, 14.2154651)",121.1296542,14.2154651
353,SMTT IT Park,IT Park,Operating,"Manila East Road, Barangay Dolores, Taytay, Rizal",Taytay,Taytay,PH175320000,Palawan,PH175300000,Region IV-B,PH170000000,"c(121.139395145524, 14.551762575937)",121.139395145524,14.551762575937
354,Solaris One (formerly Dela Rosa E-Services Building),IT Center,Operating,"Dela Rosa Street, Makati City",Makati City,City of Makati,PH137602000,"NCR, Fourth District",PH137600000,National Capital Region,PH130000000,"c(121.010332597937, 14.557679491207)",121.010332597937,14.557679491207
355,Southgate Towers  [formerly Alphaland Southgate Towers],IT Center,Operating,"2258 Pasong Tamo Extension corner EDSA, Makati City",Makati City,City of Makati,PH137602000,"NCR, Fourth District",PH137600000,National Capital Region,PH130000000,"c(121.018172773075, 14.541451802729)",121.018172773075,14.541451802729
356,SouthPark Corporate Center,IT Center,Operating,"Along National Road, Barangay Alabang, Muntinlupa City",Muntinlupa City,City of Muntinlupa,PH137603000,"NCR, Fourth District",PH137600000,National Capital Region,PH130000000,"c(121.04592594551, 14.412857089442)",121.04592594551,14.412857089442
357,Southwoods Mall,IT Center,Operating,"Barangay Halang, Soro-Soro, San Francisco, Biñan, Laguna",Biñan,City of Biñan,PH043403000,Laguna,PH043400000,Region IV-A,PH040000000,"c(121.06255, 14.32865)",121.06255,14.32865
358,Spark Place,IT Center,Operating,"P. Tuazon corner 10th Avenue, Cubao, Quezon City",Cubao,Quezon City,PH137404000,"NCR, Second District",PH137400000,National Capital Region,PH130000000,"c(121.056192918241, 14.618293696371)",121.056192918241,14.618293696371
359,SRC Allah Valley Economic Development Zone,Agro-Industrial,Operating,"Tubi-allah, Surallah, South Cotabato",Surallah,Surallah,PH126313000,South Cotabato,PH126300000,Region XII,PH120000000,"c(124.78167, 6.30694)",124.78167,6.30694
360,SRC Calumpang Economic Development Zone,Agro-Industrial,Operating,"Calumpang, General Santos City",General Santos City,General Santos City,PH126303000,South Cotabato,PH126300000,Region XII,PH120000000,"c(125.1312353, 6.0737299)",125.1312353,6.0737299
361,SRC Upper Klinan Economic Development Zone,Agro-Industrial,Operating,"Upper Klinan, Polomolok, South Cotabato",Polomolok,Polomolok,PH126312000,South Cotabato,PH126300000,Region XII,PH120000000,"c(125.1069119, 6.2579082)",125.1069119,6.2579082
362,St. Frances Cabrini Medical Tourism Park,Medical Tourism Park,Operating,"Maharlika Highway, Sto. Tomas, Batangas",Sto. Tomas,Santo Tomas,PH112318000,Davao del Norte,PH112300000,Region XI,PH110000000,"c(121.143187407397, 14.11286775152)",121.143187407397,14.11286775152
363,St. Francis Square,IT Center,Operating,"J. Vargas cor. Bank Drive, Ortigas Center, Mandaluyong City",Mandaluyong City,City of Mandaluyong,PH137401000,"NCR, Second District",PH137400000,National Capital Region,PH130000000,"c(121.057947585852, 14.584460898575)",121.057947585852,14.584460898575
364,St. Luke’s Medical Center Global City,Medical Tourism Center,Operating,"Rizal Drive Corner 5th Avenue and 32nd Street, Fort Bonifacio Global City, Taguig City",Taguig City,Taguig City,PH137607000,"NCR, Fourth District",PH137600000,National Capital Region,PH130000000,"c(121.046251394342, 14.547355889598)",121.046251394342,14.547355889598
365,Sta. Maria Industrial Park,Manufacturing,Operating,"Bulac, Sta. Maria, Bulacan",Sta. Maria,Santa Maria,PH175917000,Romblon,PH175900000,Region IV-B,PH170000000,"c(121.0226125, 14.8377047)",121.0226125,14.8377047
366,Sta. Rosa Commercial IT Park,IT Park,Operating,"Barrio San Jose, Sta. Rosa City, Laguna",Sta. Rosa City,Santa Rosa,PH034928000,Nueva Ecija,PH034900000,Region III,PH030000000,"c(121.1114679, 14.3152295)",121.1114679,14.3152295
367,Subic Shipyard Special Economic Zone,Manufacturing,Operating,"Cabangaan Point, Subic, Zambales",Subic,Subic,PH037114000,Zambales,PH037100000,Region III,PH030000000,"c(120.2274, 14.87619)",120.2274,14.87619
368,Summit One Office Tower,IT Center,Operating,"Shaw Boulevard, Mandaluyong City",Mandaluyong City,City of Mandaluyong,PH137401000,"NCR, Second District",PH137400000,National Capital Region,PH130000000,"c(121.031367025605, 14.591639878264)",121.031367025605,14.591639878264001
369,Sun Plaza,IT Center,Operating,"Princeton Street corner Shaw Boulevard, Mandaluyong City",Mandaluyong City,City of Mandaluyong,PH137401000,"NCR, Second District",PH137400000,National Capital Region,PH130000000,"c(121.048629927006, 14.585532692534)",121.048629927006,14.585532692534
370,Sunnymede IT Center,IT Center,Operating,"1614 Quezon Avenue, Quezon City",Quezon City,Quezon City,PH137404000,"NCR, Second District",PH137400000,National Capital Region,PH130000000,"c(121.034287317206, 14.642081160397)",121.034287317206,14.642081160397
371,Suntech iPark,IT Park,Operating,"Lancaster Estates, Imus, Cavite",Imus,Imus City,PH042109000,Cavite,PH042100000,Region IV-A,PH040000000,"c(120.904250723844, 14.404924860136)",120.904250723844,14.404924860136
372,Suntrust Ecotown Tanza,Manufacturing,Operating,"Sahud-Ulan, Tanza, Cavite",Tanza,Tanza,PH042120000,Cavite,PH042100000,Region IV-A,PH040000000,"c(120.8279534, 14.3608635)",120.8279534,14.3608635
373,Supima eCircle,IT Park,Operating,"Malhacan Road, Malhacan, Mecauayan, Bulacan",Mecauayan,City of Meycauayan,PH031412000,Bulacan,PH031400000,Region III,PH030000000,"c(120.968399648019, 14.741255656042)",120.968399648019,14.741255656042
374,Synergis IT Center,IT Center,Operating,"F. Cabahug Street, Kasambangan, Cebu City",Kasambangan,Cebu City,PH072217000,Cebu,PH072200000,Region VII,PH070000000,"c(123.920382406159, 10.326746981719)",123.920382406159,10.326746981719
375,T.U. Building,IT Center,Operating,"Lacson Street corner B.S. Aquino Drive, Bacolod City",Bacolod City,Bacolod City,PH064501000,Negros Occidental,PH064500000,Region VI,PH060000000,"c(122.956346228233, 10.684029511495)",122.956346228233,10.684029511495
376,Tabangao Special Economic Zone,Manufacturing,Operating,"Tabangao,  Batangas",Batangas,Batangas City,PH041005000,Batangas,PH041000000,Region IV-A,PH040000000,"c(121.0768, 13.7027)",121.0768,13.7027
377,Taganito Special Economic Zone,Manufacturing,Operating,"Barangays Cagdianao, Hayanggabon, and Taganito, Municipality of Claver, Province of Surigao Del Norte",Province of Surigao Del Norte,Anao,PH036901000,Tarlac,PH036900000,Region III,PH030000000,"c(125.8528333, 9.5368345)",125.8528333,9.5368345
378,Tagbilaran Uptown IT Hub,IT Park,Operating,"Raja Sikatuna Avenue, Dampas District, Tagbilaran City, Bohol",Tagbilaran City,Tagbilaran City,PH071242000,Bohol,PH071200000,Region VII,PH070000000,"c(123.8772492, 9.6534018)",123.8772492,9.6534018
379,Tarlac Provincial IT Park II,IT Park,Operating,"Brgy. Tibag, Tarlac City",Tarlac City,City of Tarlac,PH036916000,Tarlac,PH036900000,Region III,PH030000000,"c(120.56365, 15.49129)",120.56365,15.49129
380,TDG Innovation and Global Business Solutions Center,IT Center,Operating,"AFP-RSBS Compound, Km. 12 East Service Road, C5, Taguig City",Taguig City,Taguig City,PH137607000,"NCR, Fourth District",PH137600000,National Capital Region,PH130000000,"c(121.0710154, 14.5294065)",121.0710154,14.5294065
381,TechZone Building,IT Center,Operating,"Sen. Gil Puyat Avenue, Makati City",Makati City,City of Makati,PH137602000,"NCR, Fourth District",PH137600000,National Capital Region,PH130000000,"c(121.027206103696, 14.561780614697)",121.027206103696,14.561780614697
382,TECO Industrial Park,Manufacturing,Operating,"Bundagul and Paralayunan, Mabalacat, Pampanga",Mabalacat,Mabalacat City,PH035409000,Pampanga,PH035400000,Region III,PH030000000,"c(120.6207445, 15.2348957)",120.6207445,15.2348957
383,The 30th Corporate Center,IT Center,Operating,"Meralco Avenue corner St. Paul Road, Barangay Ugong, Pasig City",Pasig City,City of Pasig,PH137403000,"NCR, Second District",PH137400000,National Capital Region,PH130000000,"c(121.063785413776, 14.579914219016)",121.063785413776,14.579914219016
384,The Annex-SM City Davao IT Center,IT Center,Operating,"Quimpo Boulevard, Matina, Davao City",Davao City,Davao City,PH112402000,Davao del Sur,PH112400000,Region XI,PH110000000,"c(125.58388402906, 7.049761827952)",125.58388402906,7.049761827952
385,The Block IT Park,IT Park,Operating,"Villamonte, Bacolod City",Bacolod City,Bacolod City,PH064501000,Negros Occidental,PH064500000,Region VI,PH060000000,"c(122.9715637, 10.6833243)",122.9715637,10.6833243
386,The Discovery Center,IT Center,Operating,"25 ADB Avenue, Ortigas Center, Pasig City",Pasig City,City of Pasig,PH137403000,"NCR, Second District",PH137400000,National Capital Region,PH130000000,"c(121.059904844062, 14.585768391651)",121.059904844062,14.585768391651
387,The Enterprise Center,IT Center,Operating,"6766 Ayala Avenue cor. Paseo de Roxas, Makati City",Makati City,City of Makati,PH137602000,"NCR, Fourth District",PH137600000,National Capital Region,PH130000000,"c(121.021073917402, 14.556754014714)",121.021073917402,14.556754014714
388,The Facilities Centre,IT Center,Operating,"548 Shaw Boulevard, Mandaluyong City",Mandaluyong City,City of Mandaluyong,PH137401000,"NCR, Second District",PH137400000,National Capital Region,PH130000000,"c(121.031367025605, 14.591639878264)",121.031367025605,14.591639878264001
389,The Finance Centre,IT Center,Operating,"Block 55, 26th St. corner 9th Avenue, Bonifacio South District, Bonifacio Global City, Taguig City",Taguig City,Taguig City,PH137607000,"NCR, Fourth District",PH137600000,National Capital Region,PH130000000,"c(121.049221, 14.5484707)",121.049221,14.5484707
390,The Globe Tower Cebu (formerly Innove IT Plaza),IT Center,Operating,"Samar Loop cor. Panay Road, Cebu Business Park, Cebu City",Cebu Business Park,Cebu City,PH072217000,Cebu,PH072200000,Region VII,PH070000000,"c(123.906219381035, 10.316142035763)",123.906219381035,10.316142035763
391,The Mactan Newtown,Tourism,Operating,"Barangay Mactan, Lapu-Lapu City, Cebu",Lapu-Lapu City,Lapu-Lapu City,PH072226000,Cebu,PH072200000,Region VII,PH070000000,"c(124.010877316435, 10.308930097409)",124.010877316435,10.308930097409
392,The North Park,IT Center,Operating,"Barangay Alang-Alang, Mandaue City",Mandaue City,Mandaue City,PH072230000,Cebu,PH072200000,Region VII,PH070000000,"c(123.945969692498, 10.33196754455)",123.945969692498,10.33196754455
393,The Paragon Corporate Centre,IT Center,Operating,"Lot 6, Industry St., Madrigal Business Park, Ayala Alabang, Muntinlupa City",Muntinlupa City,City of Muntinlupa,PH137603000,"NCR, Fourth District",PH137600000,National Capital Region,PH130000000,"c(121.044048, 14.4178119)",121.044048,14.4178119
394,The Rockwell Business Center,IT Park,Operating,"Block 4, Meralco Center, Barangay Ugong, Ortigas Avenue, Pasig City",Pasig City,City of Pasig,PH137403000,"NCR, Second District",PH137400000,National Capital Region,PH130000000,"c(121.0929237, 14.5483004)",121.0929237,14.5483004
395,The VYV,IT Center,Operating,"Valdez Center, San Nicolas, Ilocos Norte",Ilocos Norte,San Nicolas,PH133904000,"NCR, City of Manila, First District",PH133900000,National Capital Region,PH130000000,"c(120.589563705705, 18.182783134266)",120.589563705705,18.182783134266
396,Tower 6789,IT Center,Operating,"Ayala Avenue, Barangay Bel-Air, Makati City",Makati City,City of Makati,PH137602000,"NCR, Fourth District",PH137600000,National Capital Region,PH130000000,"c(121.020284452404, 14.55730061151)",121.020284452404,14.55730061151
397,Toyota-SEZ formerly Toyota Sta. Rosa (Laguna)  Special Economic Zone],Manufacturing,Operating,"Pulong Sta. Cruz, Sta. Rosa City, Laguna",Sta. Rosa City,Santa Rosa,PH034928000,Nueva Ecija,PH034900000,Region III,PH030000000,"c(121.0921797, 14.2872212)",121.0921797,14.2872212
398,Trafalgar Plaza,IT Center,Operating,"105 H. V. de la Costa Street, Salcedo Village, Makati City",Makati City,City of Makati,PH137602000,"NCR, Fourth District",PH137600000,National Capital Region,PH130000000,"c(121.026209593297, 14.560532283299)",121.026209593297,14.560532283299
399,Transcom Center Bacolod,IT Center,Operating,"Araneta Street, Barangay Tangub, Bacolod City",Bacolod City,Bacolod City,PH064501000,Negros Occidental,PH064500000,Region VI,PH060000000,"c(122.930957749075, 10.637968702362)",122.930957749075,10.637968702362
400,Twenty-five Seven McKinley,IT Center,Operating,"7th Avenue corner 25th St., Bonifacio Global City, Fort Bonifacio, Taguig City",Taguig City,Taguig City,PH137607000,"NCR, Fourth District",PH137600000,National Capital Region,PH130000000,"c(121.04838978548, 14.547624487685)",121.04838978548,14.547624487685
401,Twenty-four Seven McKinley,IT Center,Operating,"7th Avenue corner 24th St., Fort Bonifacio, Global City, Taguig City",Taguig City,Taguig City,PH137607000,"NCR, Fourth District",PH137600000,National Capital Region,PH130000000,"c(121.048156098019, 14.546720038423)",121.048156098019,14.546720038423
402,Two Sanparq,IT Center,Operating,"San Antonio Park Square, Lacson Street, Mandalagan, Bacolod City",Bacolod City,Bacolod City,PH064501000,Negros Occidental,PH064500000,Region VI,PH060000000,"c(122.959698804893, 10.693421453257)",122.959698804893,10.693421453257
403,UnionBank Plaza,IT Center,Operating,"Meralco Avenue cor. Onyx Street, Ortigas Center, Pasig City",Pasig City,City of Pasig,PH137403000,"NCR, Second District",PH137400000,National Capital Region,PH130000000,"c(121.06377939827, 14.586783394711)",121.06377939827,14.586783394711
404,UP Science And Technology Park (North),IT Park,Operating,"Commonwealth  Avenue, Quezon City",Quezon City,Quezon City,PH137404000,"NCR, Second District",PH137400000,National Capital Region,PH130000000,"c(121.077120881298, 14.669878633697)",121.077120881298,14.669878633697
405,UP Town Corporate Center,IT Center,Operating,"UP Town Center, Katipunan Avenue, Barangay UP Campus, Quezon City",Barangay UP Campus,Quezon City,PH137404000,"NCR, Second District",PH137400000,National Capital Region,PH130000000,"c(121.0174252, 14.6562961)",121.0174252,14.6562961
406,Uptown Bonifacio,IT Park,Operating,"North Bonifacio District, Bonifacio Global City, Taguig City",Taguig City,Taguig City,PH137607000,"NCR, Fourth District",PH137600000,National Capital Region,PH130000000,"c(121.049221, 14.5484707)",121.049221,14.5484707
407,Valencia Special Economic Zone,Agro-Industrial,Operating,"Barangay Palinpinon, Municipality of Valencia, Province of Negros Oriental",Municipality of Valencia,Valencia,PH074623000,Negros Oriental,PH074600000,Region VII,PH070000000,"c(123.2276493, 9.3095443)",123.2276493,9.3095443
408,V-Corporate Centre,IT Center,Operating,"Along L.P. Leviste Street (formerly Alfaro Street), Salcedo Village, Makati City",Makati City,City of Makati,PH137602000,"NCR, Fourth District",PH137600000,National Capital Region,PH130000000,"c(121.0261473, 14.569122)",121.0261473,14.569122
409,Venvi IT Hub,IT Park,Operating,"Valdez Center, San Nicolas, Ilocos Norte",Ilocos Norte,San Nicolas,PH133904000,"NCR, City of Manila, First District",PH133900000,National Capital Region,PH130000000,"c(120.589563705705, 18.182783134266)",120.589563705705,18.182783134266
410,Vertis North IT Park,IT Park,Operating,"EDSA, North Triangle, Quezon City",North Triangle,Quezon City,PH137404000,"NCR, Second District",PH137400000,National Capital Region,PH130000000,"c(121.028273880414, 14.656131288325)",121.028273880414,14.656131288325
412,Vista Hub,IT Center,Operating,"Lot 5 & 6, 21st Drive Bonifacio Global City, Taguig",Taguig,Taguig City,PH137607000,"NCR, Fourth District",PH137600000,National Capital Region,PH130000000,"c(121.049221, 14.5484707)",121.049221,14.5484707
413,Vista Mall Bataan (BPO) [formerly Starmall Bataan (BPO)],IT Center,Operating,"Roman Highway, Barangay Cupang, Balanga, Bataan",Balanga,City of Balanga,PH030803000,Bataan,PH030800000,Region III,PH030000000,"c(120.53611, 14.67611)",120.53611,14.67611
414,Vistahub BPO Molino,IT Center,Operating,"Daang Hari Road, Molino IV, Bacoor City, Cavite",Bacoor City,Bacoor City,PH042103000,Cavite,PH042100000,Region IV-A,PH040000000,"c(120.99846230217, 14.376616165367)",120.99846230217,14.376616165367
415,Vitro Internet Data Center Building,IT Center,Operating,"Carlos P. Garcia (C5) corner Danny Floor  Street, Pasig City",Pasig City,City of Pasig,PH137403000,"NCR, Second District",PH137400000,National Capital Region,PH130000000,"c(121.070952952062, 14.56974071271)",121.070952952062,14.56974071271
416,W City Center,IT Center,Operating,"7th Avenue corner 30th Street, Bonifacio Global City, Taguig City",Taguig City,Taguig City,PH137607000,"NCR, Fourth District",PH137600000,National Capital Region,PH130000000,"c(121.0499185608, 14.552139818925)",121.0499185608,14.552139818925
417,W Fifth Avenue,IT Center,Operating,"Block 1, 5th Avenue, Bonifacio Global City, Taguig City",Taguig City,Taguig City,PH137607000,"NCR, Fourth District",PH137600000,National Capital Region,PH130000000,"c(121.049221, 14.5484707)",121.049221,14.5484707
418,W North,IT Center,Operating,"34th Street, Bonifacio Global City, Taguig City",Taguig City,Taguig City,PH137607000,"NCR, Fourth District",PH137600000,National Capital Region,PH130000000,"c(121.053177538941, 14.554657972113)",121.053177538941,14.554657972113
419,Waltermart-North EDSA,IT Center,Operating,"Epifanio Delos Santos Avenue, Barangay Veterans Village, Quezon City",Barangay Veterans Village,Quezon City,PH137404000,"NCR, Second District",PH137400000,National Capital Region,PH130000000,"c(121.024699444709, 14.656954500022)",121.024699444709,14.656954500022
420,West Cebu Industrial Park,Manufacturing,Operating,"Arpili & Buanoy, Balamban, Cebu",Balamban,Balamban,PH072208000,Cebu,PH072200000,Region VII,PH070000000,"c(123.7029908, 10.4714002)",123.7029908,10.4714002
421,Worldwide Corporate Center,IT Center,Operating,"Shaw Boulevard, Mandaluyong City",Mandaluyong City,City of Mandaluyong,PH137401000,"NCR, Second District",PH137400000,National Capital Region,PH130000000,"c(121.031367025605, 14.591639878264)",121.031367025605,14.591639878264001
422,Wynsum Corporate Plaza IT Building,IT Center,Operating,"Along Emerald Avenue, Ortigas Center, Pasig City",Pasig City,City of Pasig,PH137403000,"NCR, Second District",PH137400000,National Capital Region,PH130000000,"c(121.0806429, 14.5598218)",121.0806429,14.5598218
423,Xentromall Batangas,IT Center,Operating,"Diversion Road, Alangilan, Batangas City",Alangilan,Batangas City,PH041005000,Batangas,PH041000000,Region IV-A,PH040000000,"c(121.053329802142, 13.775518071543)",121.053329802142,13.775518071543
424,YTMI Realty Special Economic Zone,Manufacturing,Operating,"Brgy. Makiling, Calamba City,  Laguna",Calamba City,City of Calamba,PH043405000,Laguna,PH043400000,Region IV-A,PH040000000,"c(121.136749930348, 14.154172498471)",121.136749930348,14.154172498471
425,YY Star DAS Information Technology Center,IT Center,Operating,"Barangay Bagacay, Dumaguete City, Negros Oriental",Dumaguete City,Dumaguete City,PH074610000,Negros Oriental,PH074600000,Region VII,PH070000000,"c(123.2893831, 9.2920988)",123.2893831,9.2920988
426,Zuellig Building,IT Center,Operating,"Paseo de Roxas corner Makati Avenue, Makati City",Makati City,City of Makati,PH137602000,"NCR, Fourth District",PH137600000,National Capital Region,PH130000000,"c(121.025811369077, 14.557604694067)",121.025811369077,14.557604694067
427,8 Rockwell,IT Center,Not Yet Operating,"Block 9, Rockwell Center, Makati City",Makati City,City of Makati,PH137602000,"NCR, Fourth District",PH137600000,National Capital Region,PH130000000,"c(121.034728340209, 14.563025111517)",121.034728340209,14.563025111517
428,A57 Techno Park,IT Park,Not Yet Operating,"Barangay Don Martin Marundan, Mati City, Davao Oriental",Mati City,City of Mati,PH112509000,Davao Oriental,PH112500000,Region XI,PH110000000,"c(126.2563382, 6.9755215)",126.2563382,6.9755215
429,Abanao Square,IT Center,Not Yet Operating,"Abanao corner Zandueta Streets, Baguio City",Baguio City,Baguio City,PH141102000,Benguet,PH141100000,Cordillera Administrative Region,PH140000000,"c(120.59445692254, 16.413843201666)",120.59445692254,16.413843201666
430,Abra Agro-Industrial Center,Manufacturing,Not Yet Operating,"Gadanni, Tayum, Abra",Tayum,Tayum,PH140124000,Abra,PH140100000,Cordillera Administrative Region,PH140000000,"c(120.6542, 17.6172)",120.6542,17.6172
431,ACI IT Business Centre,IT Center,Not Yet Operating,"J. P. Laurel corner Inigo Streets, Bajada Highway, Davao City",Davao City,Davao City,PH112402000,Davao del Sur,PH112400000,Region XI,PH110000000,"c(125.612268338731, 7.083908387965)",125.612268338731,7.083908387965
432,Aeon Towers,IT Center,Not Yet Operating,"J.P. Laurel Avenue, Barangay 20-B, Bajada, Davao City",Davao City,Davao City,PH112402000,Davao del Sur,PH112400000,Region XI,PH110000000,"c(125.613141843149, 7.07771597599)",125.613141843149,7.07771597599
433,AIU Centre,IT Center,Not Yet Operating,"Lacson Street, Mandalagan, Bacolod City",Bacolod City,Bacolod City,PH064501000,Negros Occidental,PH064500000,Region VI,PH060000000,"c(122.962175694921, 10.699033383214)",122.962175694921,10.699033383214
434,Amigo Mall,IT Center,Not Yet Operating,"Corner Iznart and Delgado Streets, Iloilo City",Iloilo City,Iloilo City,PH063022000,Iloilo,PH063000000,Region VI,PH060000000,"c(122.568814844158, 10.697817553625)",122.568814844158,10.697817553625
435,Amihan Woodlands Township,Manufacturing,Not Yet Operating,"Daja Daku & Taglawigan, San Isidro & Jubay, Calubian, Leyte",Calubian,Calubian,PH083713000,Leyte,PH083700000,Region VIII,PH080000000,"c(124.2963221, 11.5280809)",124.2963221,11.5280809
436,ArcoVia City,IT Park,Not Yet Operating,"E. Rodriguez Jr. Avenue, Ugong, Pasig City",Pasig City,City of Pasig,PH137403000,"NCR, Second District",PH137400000,National Capital Region,PH130000000,"c(121.079658073288, 14.596655981833)",121.079658073288,14.596655981833
437,Aurora Tower,IT Center,Not Yet Operating,"Aurora Boulevard cor. General Aguinaldo Avenue, Araneta Center, Cubao, Quezon City",Cubao,Quezon City,PH137404000,"NCR, Second District",PH137400000,National Capital Region,PH130000000,"c(121.053178534402, 14.622853619337)",121.053178534402,14.622853619337
438,Ayala Bacolod Capitol Corporate Center,IT Center,Not Yet Operating,"North Capitol Road corner Aguinaldo Street, Barangay 4, Bacolod City",Bacolod City,Bacolod City,PH064501000,Negros Occidental,PH064500000,Region VI,PH060000000,"c(122.950446854996, 10.677523459774)",122.950446854996,10.677523459774
439,Ayala de Zamboanga Industrial Park,Manufacturing,Not Yet Operating,"Ayala, Zamboanga City",Zamboanga City,Zamboanga City,PH097332000,Zamboanga del Sur,PH097300000,Region IX,PH090000000,"c(121.9510053, 6.9580126)",121.9510053,6.9580126
440,Bacolod IT Park,IT Park,Not Yet Operating,"Barangay Estefania, Bacolod City",Bacolod City,Bacolod City,PH064501000,Negros Occidental,PH064500000,Region VI,PH060000000,"c(122.987172941976, 10.669609427434)",122.987172941976,10.669609427434
441,Bacolod-Silay Economic Zone and Technopark,Manufacturing,Not Yet Operating,"Barangay Bagtic, Silay City, Negros Occidental",Silay City,Silay City,PH064526000,Negros Occidental,PH064500000,Region VI,PH060000000,"c(123.0685555, 10.7567668)",123.0685555,10.7567668
442,"BatStateU Knowledge, Innovation and Science Technology Park",IT Park,Not Yet Operating,"Barangay Alangilan, Batangas City, Batangas",Batangas City,Batangas City,PH041005000,Batangas,PH041000000,Region IV-A,PH040000000,"c(121.0687, 13.7822)",121.0687,13.7822
443,Bayawan City Information Technology Park,IT Park,Not Yet Operating,"Barangay Villareal, Bayawan City, Negros Oriental",Bayawan City,City of Bayawan,PH074606000,Negros Oriental,PH074600000,Region VII,PH070000000,"c(122.8228273991, 9.358249741012)",122.8228273991,9.358249741012
444,Bench City Center,IT Center,Not Yet Operating,"Lot 2 and 3, Block 5, City Center, North Bonifacio Global City, Taguig City",Taguig City,Taguig City,PH137607000,"NCR, Fourth District",PH137600000,National Capital Region,PH130000000,"c(121.049221, 14.5484707)",121.049221,14.5484707
445,BEN-LOR I.T. Center,IT Center,Not Yet Operating,"Quezon Avenue, Barangay Paligsahan, Quezon City",Barangay Paligsahan,Quezon City,PH137404000,"NCR, Second District",PH137400000,National Capital Region,PH130000000,"c(121.021206515806, 14.633977665607)",121.021206515806,14.633977665607
446,Bonifacio Business Park,IT Park,Not Yet Operating,"F. Cabahug Street, Barangay Kasambagan, Cebu City",Barangay Kasambagan,Cebu City,PH072217000,Cebu,PH072200000,Region VII,PH070000000,"c(123.91404, 10.33564)",123.91404,10.33564
447,Camarines Sur Tourism Park,Tourism,Not Yet Operating,"Capitol Complex, Cadlan, Pili and Maycatmon, Milaor, Camarines Sur",Milaor,Milaor,PH051721000,Camarines Sur,PH051700000,Region V,PH050000000,"c(123.252264, 13.595887)",123.252264,13.595887
448,Cash and Carry Mall,IT Center,Not Yet Operating,"South Superhighway Corner Emilia & Filmore Streets, Makati City",Makati City,City of Makati,PH137602000,"NCR, Fourth District",PH137600000,National Capital Region,PH130000000,"c(121.005491624123, 14.557579590267)",121.005491624123,14.557579590267
449,Cavite Eco-Industrial Estate,Manufacturing,Not Yet Operating,"Pasong Kawayan II, Gen. Trias, Cavite",Gen. Trias,City of General Trias,PH042108000,Cavite,PH042100000,Region IV-A,PH040000000,"c(120.8825776, 14.3246327)",120.8825776,14.3246327
450,CB Mall IT Center,IT Center,Not Yet Operating,"Mc Arthur Highway, Nancayasan, Urdaneta City, Pangasinan",Urdaneta City,City of Urdaneta,PH015546000,Pangasinan,PH015500000,Region I,PH010000000,"c(120.5780724, 15.9408606)",120.5780724,15.9408606
451,CBC Asia Technozone,IT Center,Not Yet Operating,"Emilio Aguinaldo Highway, Barangay Talaba VII, Bacoor City, Cavite",Bacoor City,Bacoor City,PH042103000,Cavite,PH042100000,Region IV-A,PH040000000,"c(120.951446439799, 14.442231954942)",120.951446439799,14.442231954942
452,CIIF Agro-Industrial Park – Legazpi,Agro-Industrial,Not Yet Operating,"Barangay 47, Peñaranda Extension, Legaspi City, Albay",Legaspi City,Legazpi City,PH050506000,Albay,PH050500000,Region V,PH050000000,"c(123.7533193, 13.1492153)",123.7533193,13.1492153
453,Circuit Corporate Center 1,IT Center,Not Yet Operating,"Circuit Makati (formerly known as Sta. Ana Racetrack), Barangay Carmona, Makati City",Makati City,City of Makati,PH137602000,"NCR, Fourth District",PH137600000,National Capital Region,PH130000000,"c(121.0175052, 14.5768659)",121.0175052,14.5768659
454,Circuit Corporate Center 2,IT Center,Not Yet Operating,"Circuit Makati (formerly known as Sta. Ana Racetrack), Barangay Carmona, Makati City",Makati City,City of Makati,PH137602000,"NCR, Fourth District",PH137600000,National Capital Region,PH130000000,"c(121.0175052, 14.5768659)",121.0175052,14.5768659
455,Connecticut Arcade,IT Center,Not Yet Operating,"Connecticut Street, Greenhills Shopping Center, San Juan City",San Juan City,San Juan,PH140122000,Abra,PH140100000,Cordillera Administrative Region,PH140000000,"c(121.051713423798, 14.601295537625)",121.051713423798,14.601295537625
456,Convergys IT Building,IT Center,Not Yet Operating,"Ayala Avenue corner Salcedo Street, Makati City",Makati City,City of Makati,PH137602000,"NCR, Fourth District",PH137600000,National Capital Region,PH130000000,"c(121.015676326421, 14.555314111034)",121.015676326421,14.555314111034
457,CyberBayan IT Park,IT Park,Not Yet Operating,"Sumulong Hi-way, Barrio Sto. Niño, Marikina City",Marikina City,City of Marikina,PH137402000,"NCR, Second District",PH137400000,National Capital Region,PH130000000,"c(121.099760704837, 14.635385120474)",121.099760704837,14.635385120474
458,Cybergate Galleria,IT Center,Not Yet Operating,"General Maxillom Avenue, Cebu City",Cebu City,Cebu City,PH072217000,Cebu,PH072200000,Region VII,PH070000000,"c(123.911284475679, 10.305412841803)",123.911284475679,10.305412841803
459,DASOLand: A Family Adventure and Leisure Park,Tourism,Not Yet Operating,"Barangay San Vicente, Dasol, Pangasinan",Dasol,Dasol,PH015519000,Pangasinan,PH015500000,Region I,PH010000000,"c(119.8765271, 15.9805105)",119.8765271,15.9805105
460,Davao del Sur Industrial Economic Zone,Manufacturing,Not Yet Operating,"Along Diversion Road, Barangay Cogon, Digos City, Davao del Sur",Digos City,City of Digos,PH112403000,Davao del Sur,PH112400000,Region XI,PH110000000,"c(125.3745526, 6.7593637)",125.3745526,6.7593637
461,Davao Lioc Kui Fraternity Building,IT Center,Not Yet Operating,"16 Sobrecarey Street corner Lapu-lapu Street, Davao City",Davao City,Davao City,PH112402000,Davao del Sur,PH112400000,Region XI,PH110000000,"c(125.618392660105, 7.078244903627)",125.618392660105,7.078244903627
462,DG3 I. T. Center,IT Center,Not Yet Operating,"72 N. Escario St. corner F. Ramos Extension, Capitol Site, Cebu City",Capitol Site,Cebu City,PH072217000,Cebu,PH072200000,Region VII,PH070000000,"c(123.892010284537, 10.316602792738)",123.892010284537,10.316602792738
463,DRRC Information Technology Park,IT Park,Not Yet Operating,"K44-45 Mac Arthur Highway, Barangay Longos, Malolos City, Bulacan",Malolos City,City of Malolos,PH031410000,Bulacan,PH031400000,Region III,PH030000000,"c(120.789116984601, 14.878275690078)",120.789116984601,14.878275690078
464,East Cyber Gate,IT Center,Not Yet Operating,"169 EDSA, Manduyong City",Manduyong City,City of Mandaluyong,PH137401000,"NCR, Second District",PH137400000,National Capital Region,PH130000000,"c(121.049924009037, 14.576267462492)",121.049924009037,14.576267462492
466,Eastern Visayas Regional Growth Center,Manufacturing,Not Yet Operating,"Tagpuro, San Isidro, New Kawayan, Sto. Niño, Tacloban City, Leyte",Tacloban City,Tacloban City,PH083747000,Leyte,PH083700000,Region VIII,PH080000000,"c(124.9692, 11.33564)",124.9692,11.33564
467,ECCO 4 Building,IT Center,Not Yet Operating,"Residence  Section ""A"", Military Cut-Off, Baguio City",Baguio City,Baguio City,PH141102000,Benguet,PH141100000,Cordillera Administrative Region,PH140000000,"c(120.59808, 16.40538)",120.59808,16.40538
468,Ecocentrum BPO/IT Park,IT Park,Not Yet Operating,"Halang, Biñan City, Laguna",Biñan City,City of Biñan,PH043403000,Laguna,PH043400000,Region IV-A,PH040000000,"c(121.05689, 14.33517)",121.05689,14.33517
469,"Eco-Tourism of Cabatuan, Iloilo",Tourism,Not Yet Operating,"Cabatuan, Iloilo",Iloilo,Iloilo City,PH063022000,Iloilo,PH063000000,Region VI,PH060000000,"c(122.482306, 10.8788884)",122.482306,10.8788884
470,EDSA Grand Residences,IT Center,Not Yet Operating,"EDSA corner Corregidor Street, Quezon City",Quezon City,Quezon City,PH137404000,"NCR, Second District",PH137400000,National Capital Region,PH130000000,"c(121.024145214364, 14.657060585291)",121.024145214364,14.657060585291
471,ePLDT Ventus Jupiter Building,IT Center,Not Yet Operating,"No. 222-224 Nicanor Garcia Street corner Jupiter Street, Makati City",Makati City,City of Makati,PH137602000,"NCR, Fourth District",PH137600000,National Capital Region,PH130000000,"c(121.02230773355, 14.562824398541)",121.02230773355,14.562824398541
472,Eugenio Lopez Jr. Communication Center,IT Center,Not Yet Operating,"Mother Ignacia Avenue cor. Sgt. Esguerra St., Diliman. Quezon  City",Diliman. Quezon  City,Quezon City,PH137404000,"NCR, Second District",PH137400000,National Capital Region,PH130000000,"c(121.027811338426, 14.635408341139)",121.027811338426,14.635408341139
473,Federated IT Park,IT Park,Not Yet Operating,"Sacsac, Bacong, Negros Oriental",Bacong,Bacong,PH074603000,Negros Oriental,PH074600000,Region VII,PH070000000,"c(123.2934519, 9.2525145)",123.2934519,9.2525145
474,Federated IT Park II,IT Park,Not Yet Operating,"Barangay Looc, Sibulan, Negros Oriental",Sibulan,Sibulan,PH074620000,Negros Oriental,PH074600000,Region VII,PH070000000,"c(123.2666572, 9.3710571)",123.2666572,9.3710571
475,Felcris Centrale IT Park,IT Park,Not Yet Operating,"Quimpo Boulevard, Barangay 40-D, Davao City",Davao City,Davao City,PH112402000,Davao del Sur,PH112400000,Region XI,PH110000000,"c(125.594146094653, 7.052741143755)",125.594146094653,7.052741143755
476,Fil-Estate Industrial Park,Manufacturing,Not Yet Operating,"Trece Martirez & Tanza, Cavite",Cavite,Cavite City,PH042105000,Cavite,PH042100000,Region IV-A,PH040000000,"c(120.87161, 14.27861)",120.87161,14.27861
477,Filinvest EDSA Building,IT Center,Not Yet Operating,"167 EDSA, Mandaluyong City",Mandaluyong City,City of Mandaluyong,PH137401000,"NCR, Second District",PH137400000,National Capital Region,PH130000000,"c(121.047766891741, 14.572942479508)",121.047766891741,14.572942479508
478,First Batangas Industrial Park,Manufacturing,Not Yet Operating,"Mang-hinao & Balayong, Bauan, Batangas",Bauan,Bauan,PH041006000,Batangas,PH041000000,Region IV-A,PH040000000,"c(120.99484, 13.79549)",120.99484,13.79549
479,First Bulacan Business Park,IT Park,Not Yet Operating,"Barangays Santor and Balite, Malolos City, Bulacan",Malolos City,City of Malolos,PH031410000,Bulacan,PH031400000,Region III,PH030000000,"c(120.8412493, 14.8223162)",120.8412493,14.8223162
480,First Bulacan IT Park,IT Park,Not Yet Operating,"McArthur Highway, Abangan Norte, Marilao, Bulacan",Marilao,Marilao,PH031411000,Bulacan,PH031400000,Region III,PH030000000,"c(120.938773858464, 14.774908274362)",120.938773858464,14.774908274362
481,First Philippine Industrial Park III-Special Economic Zone,Manufacturing,Not Yet Operating,"Barangays Patay Bata and Pantay Matanda, Tanauan City, Batangas",Tanauan City,Tanauan,PH083748000,Leyte,PH083700000,Region VIII,PH080000000,"c(121.114421, 14.1322613)",121.114421,14.1322613
482,Fishermall,IT Center,Not Yet Operating,"Quezon Avenue corner Roosevelt Avenue, Barangay Sta. Cruz, Quezon City",Barangay Sta. Cruz,Quezon City,PH137404000,"NCR, Second District",PH137400000,National Capital Region,PH130000000,"c(121.018662192402, 14.632641209584)",121.018662192402,14.632641209584
483,Foodport Processing Zone,Agro-Industrial,Not Yet Operating,"Barangay Tambler, General Santos City",General Santos City,General Santos City,PH126303000,South Cotabato,PH126300000,Region XII,PH120000000,"c(125.142049154048, 6.059019276156)",125.142049154048,6.0590192761559996
484,Garden Plaza,IT Center,Not Yet Operating,"Garden Villas 3, Barangay Ibaba, Sta. Rosa City, Laguna",Sta. Rosa City,Santa Rosa,PH034928000,Nueva Ecija,PH034900000,Region III,PH030000000,"c(121.1214704258, 14.30409717574)",121.1214704258,14.30409717574
485,Georgetown Cybermall IT Building,IT Center,Not Yet Operating,"R.N. Pelaez Boulevard, Kauswagan, Cagayan de Oro City",Kauswagan,Kauswagan,PH103507000,Lanao del Norte,PH103500000,Region X,PH100000000,"c(124.640948119068, 8.493195682256)",124.640948119068,8.493195682256
486,Gernarine Information Technology Center,IT Center,Not Yet Operating,"Alternate Road, Legaspi City, Albay",Legaspi City,Legazpi City,PH050506000,Albay,PH050500000,Region V,PH050000000,"c(123.7533193, 13.1492153)",123.7533193,13.1492153
487,GGVPI IT Zone,IT Center,Not Yet Operating,"168 Ouano Avenue, Mandaue Reclamation Area, Mandaue City, Cebu",Mandaue City,Mandaue City,PH072230000,Cebu,PH072200000,Region VII,PH070000000,"c(123.929332631383, 10.317467497305)",123.929332631383,10.317467497305
488,Global Industrial/Maritime Complex,Manufacturing,Not Yet Operating,"Larap, Jose Panganiban, Camarines Norte",Camarines Norte,Iba,PH037105000,Zambales,PH037100000,Region III,PH030000000,"c(122.6541389, 14.2855835)",122.6541389,14.2855835
489,Goodland I.T. Center,IT Center,Not Yet Operating,"377 Sen. Gil Puyat Avenue, Makati City",Makati City,City of Makati,PH137602000,"NCR, Fourth District",PH137600000,National Capital Region,PH130000000,"c(121.030183956507, 14.560157737956)",121.030183956507,14.560157737956
490,Grand Cenia Hotel and Residences,IT Center,Not Yet Operating,"Archbishop Reyes Avenue corner Apitong Street, Barangay Camputhaw, Cebu City",Barangay Camputhaw,Cebu City,PH072217000,Cebu,PH072200000,Region VII,PH070000000,"c(123.902926539957, 10.318823787532)",123.902926539957,10.318823787532
492,GST Iloilo Corporate Center,IT Center,Not Yet Operating,"Quezon Street, Barangay Sampaguita, Iloilo City",Barangay Sampaguita,Quezon City,PH137404000,"NCR, Second District",PH137400000,National Capital Region,PH130000000,"c(122.566330793301, 10.696190472556)",122.566330793301,10.696190472556
493,GT Times Square Cebu,IT Center,Not Yet Operating,"J. Llorente corner Don Mariano Cui Street, Capitol Site, Cebu City",Capitol Site,Cebu City,PH072217000,Cebu,PH072200000,Region VII,PH070000000,"c(123.891524134153, 10.310942409705)",123.891524134153,10.310942409705
494,HANN Lux Lifestyle Resort,Manufacturing,Not Yet Operating,"Clark Special Economic Zone, Barangay Aranguren, Capas, Tarlac",Capas,Capas,PH036904000,Tarlac,PH036900000,Region III,PH030000000,"c(120.5242057, 15.3600325)",120.5242057,15.3600325
495,Hi Point Information Technology Tower 1,IT Center,Not Yet Operating,"Omapad Road, Opao, Mandaue City",Mandaue City,Mandaue City,PH072230000,Cebu,PH072200000,Region VII,PH070000000,"c(123.95, 10.33333)",123.95,10.33333
496,Hi Point Information Technology Tower 2,IT Center,Not Yet Operating,"Omapad Road, Opao, Mandaue City",Mandaue City,Mandaue City,PH072230000,Cebu,PH072200000,Region VII,PH070000000,"c(123.95, 10.33333)",123.95,10.33333
497,Hi Point Information Technology Tower 3,IT Center,Not Yet Operating,"Omapad Road, Opao, Mandaue City",Mandaue City,Mandaue City,PH072230000,Cebu,PH072200000,Region VII,PH070000000,"c(123.95, 10.33333)",123.95,10.33333
498,Island Cove Tourism Economic Zone,Tourism,Not Yet Operating,"Covelandia Road, Binakayan, Kawit, Cavite",Kawit,Kawit,PH042111000,Cavite,PH042100000,Region IV-A,PH040000000,"c(120.92176, 14.4534)",120.92176,14.4534
499,ITC Ecozone,Agro-Industrial,Not Yet Operating,"Purok 2, Lumbocan, Butuan City",Butuan City,Butuan City,PH160202000,Agusan del Norte,PH160200000,Region XIII,PH160000000,"c(125.5087556, 9.0060619)",125.5087556,9.0060619
500,Jackman Plaza - I.T. Center,IT Center,Not Yet Operating,"EDSA, Muñoz, Quezon City",Muñoz,Quezon City,PH137404000,"NCR, Second District",PH137400000,National Capital Region,PH130000000,"c(121.022677680171, 14.657366714441)",121.022677680171,14.657366714441
501,JEG Tower,IT Center,Not Yet Operating,"Archbishop Reyes corner Acacia Streets, Barangay Camputhaw, Cebu City",Barangay Camputhaw,Cebu City,PH072217000,Cebu,PH072200000,Region VII,PH070000000,"c(123.90202942486, 10.316601409724)",123.90202942486,10.316601409724
502,Juan Luna Building,IT Center,Not Yet Operating,"120 Juan Luna St., Binondo, Manila",Manila,Binondo,PH133902000,"NCR, City of Manila, First District",PH133900000,National Capital Region,PH130000000,"c(120.97287453938, 14.601424779838)",120.97287453938,14.601424779838
503,Kayumanggi Center,IT Center,Not Yet Operating,"Commonwealth and Luzon Avenue, Quezon City",Quezon City,Quezon City,PH137404000,"NCR, Second District",PH137400000,National Capital Region,PH130000000,"c(121.070577269919, 14.665556188983)",121.070577269919,14.665556188983
504,Kelly Special Economic Zone,Manufacturing,Not Yet Operating,"Kelly, Tuding & Gumatdang, Itogon, Benguet",Itogon,Itogon,PH141106000,Benguet,PH141100000,Cordillera Administrative Region,PH140000000,"c(120.64045, 16.39479)",120.64045,16.39479
505,LB Centtro,IT Center,Not Yet Operating,"Barangay Batong Malake, Los Baños, Laguna",Los Baños,Los Baños,PH043411000,Laguna,PH043400000,Region IV-A,PH040000000,"c(121.22366, 14.15256)",121.22366,14.15256
506,Legaspi City Special Economic Zone,Manufacturing,Not Yet Operating,"Sitio Caridad, Banquerohan, Legaspi City, Albay",Legaspi City,Legazpi City,PH050506000,Albay,PH050500000,Region V,PH050000000,"c(123.7533193, 13.1492153)",123.7533193,13.1492153
507,Libran House IT Center,IT Center,Not Yet Operating,"144 Legaspi Street, Makati City",Makati City,City of Makati,PH137602000,"NCR, Fourth District",PH137600000,National Capital Region,PH130000000,"c(121.017893940107, 14.5542234611)",121.017893940107,14.5542234611
508,Limketkai IT Center,IT Center,Not Yet Operating,"Lapasan, Cagayan de Oro City",Cagayan de Oro City,Cagayan de Oro City,PH104305000,Misamis Oriental,PH104300000,Region X,PH100000000,"c(124.6647411, 8.4825661)",124.6647411,8.4825661
509,Lopue’s Mandalagan IT Center,IT Center,Not Yet Operating,"Lacson Street, Barangay Mandalangan, Bacolod City",Bacolod City,Bacolod City,PH064501000,Negros Occidental,PH064500000,Region VI,PH060000000,"c(122.962175694921, 10.699033383214)",122.962175694921,10.699033383214
510,Lopue's San Sebastian  I.T. Center,IT Center,Not Yet Operating,"Corner Araneta and San Sebastian Streets, Bacolod City",Bacolod City,Bacolod City,PH064501000,Negros Occidental,PH064500000,Region VI,PH060000000,"c(122.944758414731, 10.666134315853)",122.944758414731,10.666134315853
511,MacroAsia Cebu Special Ecozone,Manufacturing,Not Yet Operating,"Mactan Cebu International Airport, Lapu-Lapu City, Cebu",Lapu-Lapu City,Lapu-Lapu City,PH072226000,Cebu,PH072200000,Region VII,PH070000000,"c(123.98028, 10.3085)",123.98028,10.3085
512,Manila COD IT Building,IT Center,Not Yet Operating,"General Romulo Street, Araneta Center, Cubao, Quezon City",Cubao,Quezon City,PH137404000,"NCR, Second District",PH137400000,National Capital Region,PH130000000,"c(121.055453677515, 14.623846858859)",121.055453677515,14.623846858859
513,Marina Town Dumaguete,IT Center,Not Yet Operating,"Flores Avenue, Barangay Piapi, Dumaguete City, Negros Oriental",Dumaguete City,Dumaguete City,PH074610000,Negros Oriental,PH074600000,Region VII,PH070000000,"c(123.3075703, 9.3110296)",123.3075703,9.3110296
514,MDi Corporate Center,IT Center,Not Yet Operating,"10th Avenue corner 39th Street, Bonifacio Global City, Taguig City",Taguig City,Taguig City,PH137607000,"NCR, Fourth District",PH137600000,National Capital Region,PH130000000,"c(121.05540267241, 14.559589905925)",121.05540267241,14.559589905925
515,Megacenter IT Building,IT Center,Not Yet Operating,"General Tinio and Melencio Streets, Cabanatuan City",Cabanatuan City,Cabanatuan City,PH034903000,Nueva Ecija,PH034900000,Region III,PH030000000,"c(120.964387890034, 15.487372398191)",120.964387890034,15.487372398191
516,Metro IT Park,IT Park,Not Yet Operating,"Metrobank Avenue, Metropolitan Park, Central Park 1-A, San Rafael, Pasay City",Pasay City,Pasay City,PH137605000,"NCR, Fourth District",PH137600000,National Capital Region,PH130000000,"c(120.990726956089, 14.538805686372)",120.990726956089,14.538805686372
517,Metropolis Star,IT Center,Not Yet Operating,"South Super Highway, Alabang, Muntinlupa City",Muntinlupa City,City of Muntinlupa,PH137603000,"NCR, Fourth District",PH137600000,National Capital Region,PH130000000,"c(121.045713239783, 14.420779481903)",121.045713239783,14.420779481903
518,Metropolitan Technological Complex,IT Park,Not Yet Operating,"Metrobank Avenue, Metropolitan Park, Central Business Park 1-A, San Rafael, Pasay City",Pasay City,Pasay City,PH137605000,"NCR, Fourth District",PH137600000,National Capital Region,PH130000000,"c(120.990726956089, 14.538805686372)",120.990726956089,14.538805686372
519,Mindanao Economic Development Zone            (formerly Sarangani Economic Development Zone (Matinao)),Manufacturing,Not Yet Operating,"Matinao, Polomolok, South Cotabato",Polomolok,Polomolok,PH126312000,South Cotabato,PH126300000,Region XII,PH120000000,"c(125.09694, 6.16278)",125.09694,6.16278
520,Naga City Industrial Park,Manufacturing,Not Yet Operating,"Barangay Carolina, Naga City",Naga City,Naga City,PH051724000,Camarines Sur,PH051700000,Region V,PH050000000,"c(123.289250770552, 13.664190578447)",123.289250770552,13.664190578447
521,Naga City IT (Cyber) Park,IT Park,Not Yet Operating,"Felix Plazo St., Sabang, Naga City, Province of Camarines Sur",Naga City,Naga City,PH051724000,Camarines Sur,PH051700000,Region V,PH050000000,"c(123.179828240309, 13.620535385219)",123.179828240309,13.620535385219
522,Nasipit Agusan del Norte Industrial Estate,Manufacturing,Not Yet Operating,"Camagong and Talisay, Nasipit, Agusan del Norte",Agusan del Norte,Nasipit,PH160209000,Agusan del Norte,PH160200000,Region XIII,PH160000000,"c(125.3376206, 8.9267926)",125.3376206,8.9267926
523,New Cebu Township,Manufacturing,Not Yet Operating,"Cantao-an, Naga, Cebu",Naga,Naga City,PH051724000,Camarines Sur,PH051700000,Region V,PH050000000,"c(123.7604266, 10.2522157)",123.7604266,10.2522157
525,North Negros Agro-Industrial Export Processing Zone,Agro-Industrial,Not Yet Operating,"Barangay Paraiso, Sagay City, Negros Occidental",Sagay City,Sagay City,PH064523000,Negros Occidental,PH064500000,Region VI,PH060000000,"c(123.4154178, 10.8926817)",123.4154178,10.8926817
526,NUVO.CITY,IT Park,Not Yet Operating,"E. Rodriguez  Jr. Avenue cor Calle Industria, Bagumbayan, Quezon City",Bagumbayan,Bagumbayan,PH126501000,Sultan Kudarat,PH126500000,Region XII,PH120000000,"c(121.079023965206, 14.605485393948)",121.079023965206,14.605485393948
527,One Asia Business Center,IT Park,Not Yet Operating,"Barangay San Antonio, Biñan City, Laguna",Biñan City,City of Biñan,PH043403000,Laguna,PH043400000,Region IV-A,PH040000000,"c(121.08855, 14.33608)",121.08855,14.33608
528,Ore Central Building,IT Center,Not Yet Operating,"9th Avenue corner  31st Street, Bonifacio Global City, Fort Bonifacio, Taguig City",Taguig City,Taguig City,PH137607000,"NCR, Fourth District",PH137600000,National Capital Region,PH130000000,"c(121.04451244698, 14.554538740011)",121.04451244698,14.554538740011
529,Orion Corporate Center,IT Center,Not Yet Operating,"A.S. Fortuna Street corner Sacris Road, Bakilid, Mandaue City",Mandaue City,Mandaue City,PH072230000,Cebu,PH072200000,Region VII,PH070000000,"c(123.930006541279, 10.337810390786)",123.930006541279,10.337810390786
530,Ororama Megacenter IT Center,IT Center,Not Yet Operating,"Lapasan Highway, Cagayan de Oro City",Cagayan de Oro City,Cagayan de Oro City,PH104305000,Misamis Oriental,PH104300000,Region X,PH100000000,"c(124.613355, 8.4396177)",124.613355,8.4396177
531,P & S Ecozone,Manufacturing,Not Yet Operating,"Km. 48, Mc Arthur Highway, Barrios of Iba Este, San Marcos and Palimbang, Calumpit, Bulacan",Calumpit,Calumpit,PH031407000,Bulacan,PH031400000,Region III,PH030000000,"c(120.7669999, 14.8899036)",120.7669999,14.8899036
532,Park Triangle Corporate Center,IT Center,Not Yet Operating,"32nd Street corner Rizal Drive, Bonifacio Global City, Taguig City",Taguig City,Taguig City,PH137607000,"NCR, Fourth District",PH137600000,National Capital Region,PH130000000,"c(121.046813233312, 14.554759792311)",121.046813233312,14.554759792311
533,Paseo del Rio de Cagayan Economic Tourism Zone,Tourism,Not Yet Operating,"Macasandig, Cagayan de Oro City",Cagayan de Oro City,Cagayan de Oro City,PH104305000,Misamis Oriental,PH104300000,Region X,PH100000000,"c(124.6432928, 8.4452148)",124.6432928,8.4452148
534,PCH IT Center,IT Center,Not Yet Operating,"95 A. Bonifacio Street, Baguio City",Baguio City,Baguio City,PH141102000,Benguet,PH141100000,Cordillera Administrative Region,PH140000000,"c(120.599311006607, 16.415375591789)",120.599311006607,16.415375591789
535,Philippine Int'l Air Terminals Co. SEZ,Manufacturing,Not Yet Operating,"Villamor Airbase, Pasay City",Pasay City,Pasay City,PH137605000,"NCR, Fourth District",PH137600000,National Capital Region,PH130000000,"c(121.0226, 14.5181)",121.0226,14.5181
536,Philnico Industrial Estate,Manufacturing,Not Yet Operating,"Nonoc Island, Surigao del Norte",Surigao del Norte,Surigao City,PH166724000,Surigao del Norte,PH166700000,Region XIII,PH160000000,"c(125.62528, 9.85056)",125.62528,9.85056
537,Philtai Central Luzon Industrial Park,Manufacturing,Not Yet Operating,"Barangays Santo Rosario and San Roque, Magalang, Pampanga",Magalang,Magalang,PH035411000,Pampanga,PH035400000,Region III,PH030000000,"c(120.618592612733, 15.147682002349)",120.618592612733,15.147682002349
538,Plazuela de Iloilo,IT Center,Not Yet Operating,"Benigno Aquino Avenue, Barangay San Rafael, Iloilo City",Barangay San Rafael,Iloilo City,PH063022000,Iloilo,PH063000000,Region VI,PH060000000,"c(122.5499271, 10.7064294)",122.5499271,10.7064294
539,PLDT Garnet Building,IT Center,Not Yet Operating,"F. Ortigas Jr. corner Garnet Road, Ortigas Center, Brgy. San Antonio, Pasig City",Pasig City,City of Pasig,PH137403000,"NCR, Second District",PH137400000,National Capital Region,PH130000000,"c(121.061960589635, 14.588407685323)",121.061960589635,14.588407685323
540,PNOC Petrochemical Industrial Estate,Manufacturing,Not Yet Operating,"Batangas Dos, Mariveles, Bataan",Mariveles,Mariveles,PH030807000,Bataan,PH030800000,Region III,PH030000000,"c(120.6016937, 14.4877322)",120.6016937,14.4877322
541,Polambato-Bogo Economic Zone,Manufacturing,Not Yet Operating,"Polambato, Bogo, Cebu",Bogo,City of Bogo,PH072211000,Cebu,PH072200000,Region VII,PH070000000,"c(123.9918, 11.0664)",123.9918,11.0664
542,Poro Point Special Economic Zone,Manufacturing,Not Yet Operating,"San Fernando City, La Union",La Union,San Fernando,PH175913000,Romblon,PH175900000,Region IV-B,PH170000000,"c(120.3628619, 16.6029147)",120.3628619,16.6029147
543,PSMT IT Building,IT Center,Not Yet Operating,"73 Ortigas Ave. Ext., Barangay Sta. Lucia, Pasig City",Pasig City,City of Pasig,PH137403000,"NCR, Second District",PH137400000,National Capital Region,PH130000000,"c(121.0856024, 14.6156836)",121.0856024,14.6156836
544,Qimonda I.T. Center,IT Center,Not Yet Operating,"Don Serging Avenue, North Reclamation Area, Cebu City, Cebu",Cebu City,Cebu City,PH072217000,Cebu,PH072200000,Region VII,PH070000000,"c(123.9164079, 10.3117799)",123.9164079,10.3117799
545,Quezon Techno-Industrial Special Economic Zone,Manufacturing,Not Yet Operating,"Barangay Rosario and San Jose, 
Mauban, Quezon
",Mauban,Mauban,PH045627000,Quezon,PH045600000,Region IV-A,PH040000000,"c(121.7133191, 14.1095932)",121.7133191,14.1095932
546,Rapu-Rapu Ecozone,Manufacturing,Not Yet Operating,"Malobago and Pagcolbon, Rapu-Rapu, Albay",Rapu-Rapu,Rapu-Rapu,PH050515000,Albay,PH050500000,Region V,PH050000000,"c(124.2110429, 13.1729938)",124.2110429,13.1729938
547,Reliance I.T. Center,IT Center,Not Yet Operating,"99 E. Rodriguez Jr., Barrio Ugong, Pasig City",Pasig City,City of Pasig,PH137403000,"NCR, Second District",PH137400000,National Capital Region,PH130000000,"c(121.0929237, 14.5483004)",121.0929237,14.5483004
548,Republic Wakepark,Tourism,Not Yet Operating,"Nuvali Development Complex, Barangay Canlubang, Calamba City, Laguna",Calamba City,City of Calamba,PH043405000,Laguna,PH043400000,Region IV-A,PH040000000,"c(121.077643, 14.1941922)",121.077643,14.1941922
549,Riverbank Center ICT Bldg I,IT Center,Not Yet Operating,"A. Bonifacio Ave.,  Barangka, Marikina City",Marikina City,City of Marikina,PH137402000,"NCR, Second District",PH137400000,National Capital Region,PH130000000,"c(121.080408550905, 14.63230785863)",121.080408550905,14.63230785863
550,Riverbank Center ICT Bldg II,IT Center,Not Yet Operating,"A. Bonifacio Ave.,  Barangka, Marikina City",Marikina City,City of Marikina,PH137402000,"NCR, Second District",PH137400000,National Capital Region,PH130000000,"c(121.080408550905, 14.63230785863)",121.080408550905,14.63230785863
551,RLC Special Economic Zone,Manufacturing,Not Yet Operating,"Simlong, Batangas City, Batangas",Batangas City,Batangas City,PH041005000,Batangas,PH041000000,Region IV-A,PH040000000,"c(121.0558016, 13.6680266)",121.0558016,13.6680266
552,Robinsons Cagayan de Oro,IT Center,Not Yet Operating,"Rosario Crescent corner Florentino Street, Limketkai Center, Cagayan de Oro City",Limketkai Center,Cagayan de Oro City,PH104305000,Misamis Oriental,PH104300000,Region X,PH100000000,"c(124.653680641995, 8.483001732023)",124.653680641995,8.483001732023
553,Robinsons Cybergate Magnolia,IT Center,Not Yet Operating,"Aurora Boulevard corner Doña Hemady Street, Quezon City",Quezon City,Quezon City,PH137404000,"NCR, Second District",PH137400000,National Capital Region,PH130000000,"c(121.036914624757, 14.615139418568)",121.036914624757,14.615139418568
554,Robinsons Cyberpark Bacolod,IT Center,Not Yet Operating,"Lacson Street, Mandalagan, Bacolod City",Bacolod City,Bacolod City,PH064501000,Negros Occidental,PH064500000,Region VI,PH060000000,"c(122.962175694921, 10.699033383214)",122.962175694921,10.699033383214
555,Robinsons Place Iloilo,IT Center,Not Yet Operating,"Ledesma Street, Iloilo City",Iloilo City,Iloilo City,PH063022000,Iloilo,PH063000000,Region VI,PH060000000,"c(122.5732728, 10.6931315)",122.5732728,10.6931315
556,Robinsons Starmills Pampanga,IT Center,Not Yet Operating,"Olongapo-Gapan Road, Brgy. San Jose, San Fernando City, Pampanga",San Fernando City,San Fernando,PH175913000,Romblon,PH175900000,Region IV-B,PH170000000,"c(120.687565003313, 15.043944052082)",120.687565003313,15.043944052082
557,Samal Casino Resort,Manufacturing,Not Yet Operating,"San Isidro and Libertad, Kaputian,  Samal City, Davao Del Norte",Samal City,Samal,PH030812000,Bataan,PH030800000,Region III,PH030000000,"c(125.7483113, 6.953916)",125.7483113,6.953916
558,San Lazaro Leisure and Business Park,Tourism,Not Yet Operating,"Barangay Lantic, Carmona, Cavite",Carmona,Carmona,PH042104000,Cavite,PH042100000,Region IV-A,PH040000000,"c(121.049348908419, 14.298315628369)",121.049348908419,14.298315628369
559,Sarangani Agro-Industrial Eco Zone,Agro-Industrial,Not Yet Operating,"Municipality of Alabel, Province of Sarangani",Province of Sarangani,Alabel,PH128001000,Sarangani,PH128000000,Region XII,PH120000000,"c(125.29048, 6.10179)",125.29048,6.10179
560,Scrubbed.Net Tech Center,IT Center,Not Yet Operating,"Zone 6, Panipuan, San Fernando City, Pampanga",San Fernando City,San Fernando,PH175913000,Romblon,PH175900000,Region IV-B,PH170000000,"c(120.6285774, 15.1205916)",120.6285774,15.1205916
562,SGI Technology Center,IT Center,Not Yet Operating,"Nono Limbaga Drive, Tanjay City, Negros Oriental",Tanjay City,City of Tanjay,PH074621000,Negros Oriental,PH074600000,Region VII,PH070000000,"c(123.157822244408, 9.51355551114)",123.157822244408,9.51355551114
563,Shannalyne Technological and Environmental Park,Manufacturing,Not Yet Operating,"Milagros, Esperanza, Agusan del Sur",Agusan del Sur,Esperanza,PH160303000,Agusan del Sur,PH160300000,Region XIII,PH160000000,"c(125.5386987, 8.6148478)",125.5386987,8.6148478
564,Silver City 1A,IT Center,Not Yet Operating,"Silver City KPO Campus, Frontera Drive, Frontera Verde, C-5 cor. Ortigas Ave., Brgy. Ugong, Pasig City",Pasig City,City of Pasig,PH137403000,"NCR, Second District",PH137400000,National Capital Region,PH130000000,"c(121.0929237, 14.5483004)",121.0929237,14.5483004
565,Silver City 4,IT Center,Not Yet Operating,"Frontera Verde, C-5 cor. Ortigas Avenue, Barangay Ugong, Pasig City",Pasig City,City of Pasig,PH137403000,"NCR, Second District",PH137400000,National Capital Region,PH130000000,"c(121.0929237, 14.5483004)",121.0929237,14.5483004
566,SM City Bacolod IT Center,IT Center,Not Yet Operating,"Reclamation Area, Bacolod City",Bacolod City,Bacolod City,PH064501000,Negros Occidental,PH064500000,Region VI,PH060000000,"c(122.9773921, 10.6391813)",122.9773921,10.6391813
567,SM City Bacoor,IT Center,Not Yet Operating,"Gen. Aguinaldo cor. Tirona Hway, Brgy. Habay II, Bacoor City",Bacoor City,Bacoor City,PH042103000,Cavite,PH042100000,Region IV-A,PH040000000,"c(120.952870957997, 14.445341736751)",120.952870957997,14.445341736751
568,SM City Rosario I.T. Center,IT Center,Not Yet Operating,"Barangay Tejero, Rosario, Cavite",Rosario,Rosario,PH160307000,Agusan del Sur,PH160300000,Region XIII,PH160000000,"c(120.860649166542, 14.402946558428)",120.860649166542,14.402946558428
569,SM CyberZone 1,IT Center,Not Yet Operating,"Block 9, SM Central Business Park, Bay City, Pasay City",Pasay City,Pasay City,PH137605000,"NCR, Fourth District",PH137600000,National Capital Region,PH130000000,"c(120.9944465, 14.5436072)",120.9944465,14.5436072
570,SM iCity,IT Park,Not Yet Operating,"SM Central Business Park, Bay City, Pasay City",Pasay City,Pasay City,PH137605000,"NCR, Fourth District",PH137600000,National Capital Region,PH130000000,"c(120.9944465, 14.5436072)",120.9944465,14.5436072
571,SM Seaside City Tourism Economic Zone,Tourism,Not Yet Operating,"Cebu South Road Properties Complex, Cebu City",Cebu City,Cebu City,PH072217000,Cebu,PH072200000,Region VII,PH070000000,"c(123.878665499061, 10.28142555916)",123.878665499061,10.28142555916
572,SMBL IT Center,IT Center,Not Yet Operating,"Doña Remedios, Trinidad Highway, Baliwag, Bulacan",Baliwag,Bula,PH051706000,Camarines Sur,PH051700000,Region V,PH050000000,"c(120.9010222, 14.9541961)",120.9010222,14.9541961
574,SMCO IT Center,IT Center,Not Yet Operating,"Pueblo de Oro, Upper Carmen, Cagayan de Oro City",Upper Carmen,Cebu City,PH072217000,Cebu,PH072200000,Region VII,PH070000000,"c(124.63611, 8.47833)",124.63611,8.47833
575,SMNE IT Center,IT Center,Not Yet Operating,"EDSA corner North Avenue, Quezon City",Quezon City,Quezon City,PH137404000,"NCR, Second District",PH137400000,National Capital Region,PH130000000,"c(121.02949982557, 14.655825595677)",121.02949982557,14.655825595677
576,SMNV IT Center,IT Center,Not Yet Operating,"Quirino Highway, Barangay San Bartolome, Quezon City",Barangay San Bartolome,Quezon City,PH137404000,"NCR, Second District",PH137400000,National Capital Region,PH130000000,"c(121.03817481595, 14.705672976589)",121.03817481595,14.705672976589
577,South Coast Ecozone,Manufacturing,Not Yet Operating,"Papaya, Nasugbu, Batangas",Nasugbu,Nasugbu,PH041019000,Batangas,PH041000000,Region IV-A,PH040000000,"c(120.6190021, 14.1894965)",120.6190021,14.1894965
578,South Forbes Cyber Park,IT Park,Not Yet Operating,"South Forbes Golf City, Barangay Inhican, Silang, Cavite",Silang,Silang,PH042118000,Cavite,PH042100000,Region IV-A,PH040000000,"c(120.9737959, 14.2259538)",120.9737959,14.2259538
579,South Tower,IT Center,Not Yet Operating,"Alabang Zapote Road, Barangay Almanza Uno, Las Piñas City",Las Piñas City,City of Las Piñas,PH137601000,"NCR, Fourth District",PH137600000,National Capital Region,PH130000000,"c(121.019802132106, 14.428298875668)",121.019802132106,14.428298875668
580,Southkey Building,IT Center,Not Yet Operating,"Indo-China Drive, Filinvest Northgate Business District, Alabang, Muntinlupa City",Muntinlupa City,City of Muntinlupa,PH137603000,"NCR, Fourth District",PH137600000,National Capital Region,PH130000000,"c(121.044048, 14.4178119)",121.044048,14.4178119
581,St. Francis IT Centre,IT Center,Not Yet Operating,"Araneta Street, Singcang, Bacolod City",Bacolod City,Bacolod City,PH064501000,Negros Occidental,PH064500000,Region VI,PH060000000,"c(122.939177554047, 10.65515292236)",122.939177554047,10.65515292236
582,Starmall EDSA-Shaw,IT Center,Not Yet Operating,"Shaw Boulevard cor. EDSA, Mandaluyong City",Mandaluyong City,City of Mandaluyong,PH137401000,"NCR, Second District",PH137400000,National Capital Region,PH130000000,"c(121.053457316502, 14.581227579425)",121.053457316502,14.581227579425
583,Subic Hermosa Cyber City,Manufacturing,Not Yet Operating,"Culis and Sumalo, Hermosa, Bataan",Hermosa,Hermosa,PH030805000,Bataan,PH030800000,Region III,PH030000000,"c(120.4799042, 14.8278861)",120.47990419999999,14.8278861
584,Taft East Gate,IT Park,Not Yet Operating,"Cardinal Rosales Avenue, Barangay Luz, Cebu City",Barangay Luz,Cebu City,PH072217000,Cebu,PH072200000,Region VII,PH070000000,"c(123.905330154947, 10.315075253826)",123.905330154947,10.315075253826
585,Taft Information Technology Park,IT Park,Not Yet Operating,"Poblacion and Subangdaku, Mandaue City",Mandaue City,Mandaue City,PH072230000,Cebu,PH072200000,Region VII,PH070000000,"c(123.94433, 10.32812)",123.94433,10.32812
586,Tarlac Provincial IT Park I,IT Park,Not Yet Operating,"Brgy. Tibag, Tarlac City",Tarlac City,City of Tarlac,PH036916000,Tarlac,PH036900000,Region III,PH030000000,"c(120.56365, 15.49129)",120.56365,15.49129
587,Tarlac Provincial IT Park III,IT Park,Not Yet Operating,"Brgy. San Isidro, Tarlac City",Tarlac City,City of Tarlac,PH036916000,Tarlac,PH036900000,Region III,PH030000000,"c(120.5749994, 15.5204928)",120.5749994,15.5204928
588,Tarlac Terrapark,Manufacturing,Not Yet Operating,"San Miguel, Tarlac",Tarlac,San Miguel,PH166816000,Surigao del Sur,PH166800000,Region XIII,PH160000000,"c(120.6118002, 15.4616333)",120.6118002,15.4616333
589,The Forum at PonteFino Estates,IT Park,Not Yet Operating,"Barangays Pallocon Silangan and Gulod Labac, Batangas City",Batangas City,Batangas City,PH041005000,Batangas,PH041000000,Region IV-A,PH040000000,"c(121.0817396, 13.7559196)",121.0817396,13.7559196
590,The Orchard Tower Manila,IT Center,Not Yet Operating,"961 Juan Luna Street, Barangay 7, Tondo, Manila",Manila,Luna,PH148105000,Apayao,PH148100000,Cordillera Administrative Region,PH140000000,"c(120.969708608915, 14.606866438224)",120.969708608915,14.606866438224
591,The Paseo Center IT Building,IT Center,Not Yet Operating,"8757 Paseo de Roxas corner Sedeño Street, Salcedo Village, Makati City",Makati City,City of Makati,PH137602000,"NCR, Fourth District",PH137600000,National Capital Region,PH130000000,"c(121.022770163148, 14.557399588897)",121.022770163148,14.557399588897
592,The Peak Tower,IT Center,Not Yet Operating,"No. 107 Leviste Street, Salcedo Village, Makati City",Makati City,City of Makati,PH137602000,"NCR, Fourth District",PH137600000,National Capital Region,PH130000000,"c(121.021713037192, 14.559349533989)",121.021713037192,14.559349533989
593,The Space,IT Center,Not Yet Operating,"A.S. Fortuna corner P. Remedio St., Banilad, Mandaue City",Mandaue City,Mandaue City,PH072230000,Cebu,PH072200000,Region VII,PH070000000,"c(123.919721024074, 10.341321486207)",123.919721024074,10.341321486207
594,Tigerland Agro-Industrial Economic Zone,Agro-Industrial,Not Yet Operating,"Barangay Mabacong, Batangas City",Batangas City,Batangas City,PH041005000,Batangas,PH041000000,Region IV-A,PH040000000,"c(121.0503601, 13.6542424)",121.0503601,13.6542424
595,Tubay Agri-Processing Center,Manufacturing,Not Yet Operating,"Doña Rosario, Tubay,  Agusan del Norte",Agusan del Norte,Bay,PH043402000,Laguna,PH043400000,Region IV-A,PH040000000,"c(125.5613701, 9.1696769)",125.5613701,9.1696769
596,Tupi IT Park,IT Park,Not Yet Operating,"along National Highway, Barangay Poblacion, Tupi, South Cotabato",Tupi,Tupi,PH126317000,South Cotabato,PH126300000,Region XII,PH120000000,"c(124.9763877, 6.354308)",124.9763877,6.354308
597,UP Science And Technology Park (South),IT Park,Not Yet Operating,"C.P. Garcia, Quezon City",Quezon City,Quezon City,PH137404000,"NCR, Second District",PH137400000,National Capital Region,PH130000000,"c(121.064335821443, 14.676467644287)",121.064335821443,14.676467644287
598,UPLB Agro-Industial Park,Agro-Industrial,Not Yet Operating,"University of the Philippines, Los Baños, Laguna",Los Baños,Los Baños,PH043411000,Laguna,PH043400000,Region IV-A,PH040000000,"c(121.243306937821, 14.167326606359)",121.243306937821,14.167326606359
599,UPLB Information Technology Park,IT Park,Not Yet Operating,"University of the Philippines, Los Baños, Laguna",Los Baños,Los Baños,PH043411000,Laguna,PH043400000,Region IV-A,PH040000000,"c(121.243306937821, 14.167326606359)",121.243306937821,14.167326606359
600,Vista Mall Las Piñas IT Hub,IT Center,Not Yet Operating,"Alabang-Zapote Road corner C.V. Starr Avenue, Philamlife Village, Pamplona 2, Las Piñas City",Las Piñas City,City of Las Piñas,PH137601000,"NCR, Fourth District",PH137600000,National Capital Region,PH130000000,"c(120.979035739311, 14.450979383872)",120.979035739311,14.450979383872
601,Vista Place Campus Tower 1,IT Center,Not Yet Operating,"C-5 Road and Levi Mariano Avenue, Barangay Ususan, Taguig City",Taguig City,Taguig City,PH137607000,"NCR, Fourth District",PH137600000,National Capital Region,PH130000000,"c(121.057576020999, 14.53064706687)",121.057576020999,14.53064706687
602,V-tech Tower,IT Center,Not Yet Operating,"G. Araneta Avneue cor. Ma. Clara Street, Quezon City",Quezon City,Quezon City,PH137404000,"NCR, Second District",PH137400000,National Capital Region,PH130000000,"c(121.011228701571, 14.630572304423)",121.011228701571,14.630572304423
